,0,1,2,3,4,5,6,7,8,9,10,11,12,13,14,15,16,17,18,19,20,21,22,23,24,25,26,27,28,29,30,31,32,33,34,35,36,37,38,39,40,41,42,43,44,45,46,47,48,49,50,51,52,53,54,55,56,57,58,59,60,61,62,63,64
0,0.0,0.0015545340441635708,-0.001453694855871523,-4.260649233687406e-05,-0.0019410662810765067,-0.001997818800482157,-0.004227620983257232,-0.0034318418027035696,0.001661899652108933,0.0007319457933582618,0.004949673320850044,-0.003046852546950237,0.0017090254206013629,-3.2091873879537894e-05,0.001981130717965929,0.003170893346589188,-0.0004139191178087686,-0.0035183824405639,0.004611548129374494,-0.00096317501476047,0.003258452367931421,-0.001650237402777299,0.0013380223002286283,-0.0005524967514874776,-0.006697731161499005,-0.003482103289026603,0.0006680847718950036,0.0077044845591631595,-0.005380797136807826,-0.005243820777874103,-0.004475982347727714,0.00017773084470269627,-0.003609983904101999,-0.0031495709819607805,-1.1000066576824074e-06,-0.005776604763156337,-0.0009422666112889902,0.004658375484789043,0.002509363562896065,0.001723110016739172,0.0022593809931517406,-0.0008746447690507319,0.0009555320233709229,-0.0012379264413977385,0.007582676073483533,0.0016874797243528676,-0.002386294721430839,-0.0023538914556327658,-0.004875474570864735,-0.008408224701241297,-0.0024282566120959652,0.0012941449093596003,-0.005706362348686175,0.007162642740153797,0.0041056040446197165,-0.007477871686489996,-0.0027929684549156146,-0.0013217147060227744,0.007037560960391083,0.008919721757566479,-0.003153881470321885,-0.00029564832834552506,-0.004732699750856048,-0.003948443496884486,0.007919974296589641
1,0.0,0.005472782789597843,-0.0072178392178860315,-0.0053822757154920195,0.0011618114835106367,0.0013418537855873582,0.0021949421596366295,-0.003346817549913789,0.000498787229573774,-0.0053440942312880544,0.0002939525379096416,-0.00449815440456331,-0.0036986129005031065,-0.0025790384007726447,-0.009732799307767886,-0.0008722310867610075,-0.002616290416878201,0.003640317751429217,-0.0041899430365528725,0.00517211531279829,0.006914802447168833,0.003870897246544671,0.006659034039531722,-0.004338871747040192,0.007442106713637576,-0.004494604682243942,-0.0039037036937403973,-0.004455240174281276,0.004170165061005442,-0.0015096142149782265,-0.002582215349762539,0.003033583184432345,0.0031869267792775016,0.0072992583759806115,0.004234714049283829,0.000725117435175983,-0.0037448414183609475,-0.0029217799301622834,0.004329693974700317,-0.003612271521159687,-0.0028544648274781716,-0.003117820472548571,-0.005739804656903679,-0.0005118119324587418,-0.0009490903474104498,0.004138247231954447,0.010543099220546326,0.00023086187038148207,-0.0035853412614175774,-0.002473246656870326,0.00783772314412456,0.01361455513726811,-0.0030447742966525585,-0.000720852752985362,-0.006416180509662766,-0.007731830709014525,0.010178683665297512,-0.00013901736785263438,0.000663973756973822,0.0013540761152445028,-0.008994975463012162,0.0008864800708570869,0.006135342314791743,0.0027740425358961152,0.007591934128840418
2,0.0,-0.011140400212951948,-0.005415708949796399,-0.002824658600591127,-0.00043270273606841757,0.008562295477559493,-0.002304843606739319,0.0026994591024012892,-0.007301184212321457,-0.008479146262263154,-0.002660308976147438,-0.0012700444735667489,-0.00769965765176031,0.00123276844368194,0.0021940184178499975,-0.005679071421563678,0.00023353005334278247,-0.0005714841244432709,0.0034897231208996776,0.00342924388495292,-0.0010679143697165908,0.0008644328148345413,0.0018410234157924974,-0.00032697366493674546,0.0111038714887274,-0.004945016062425676,-0.0022197873734478633,0.0023353359895732268,-0.0011739623047590598,-0.0024754163485994993,-0.007635599517455707,0.004606404997126549,0.0087291939516655,-0.007717519305536442,-0.0009590636057608623,-0.0037384841382205164,-0.001497840950636094,0.006320844864460298,-0.011160766268104794,0.0010333722950035815,-0.0024595103660064155,-0.004225935759969953,-0.0027691183732519746,-0.0018060559274035528,-0.001197845133838467,-0.006238563798987011,-0.0039563813461884105,0.00034764347745112607,0.0029316518292939143,0.002753449713986983,-0.008945719158475942,0.003230949432000227,-0.004883925119757693,0.0027184349545194384,0.0028804717402534014,0.0009722155174275052,-0.010387597800046966,-0.0057672185043643,-0.002286389403054,0.0011138427843090993,-0.0032537401195004765,-0.003696077896126448,0.0077431763466573374,-0.009193484132908636,0.007807477192352717
3,1.3575,1.3592832613787003,1.362550548666804,1.3517285688332412,1.3597108722426503,1.3572896361519984,1.354376249505132,1.3576877717647995,1.352491056802839,1.3554018168026587,1.356155363124129,1.3504308706352408,1.3593881017706748,1.3511997815390395,1.356128365872116,1.3634739668331877,1.3596490721864418,1.3596707046198546,1.3591063763666191,1.3629136559653012,1.3614561528313616,1.3485992098967712,1.35291022634723,1.3559784127829877,1.3639149791096719,1.3517141280721605,1.3588262435019165,1.3656331619304358,1.3534381629032726,1.352542567413329,1.3491729783426103,1.3629379379464106,1.3567686560960568,1.3578277794571871,1.3619793867725558,1.3523650671512044,1.3519509174597109,1.354489681851121,1.3572955355918832,1.3589556455871177,1.3602757304136632,1.3528886009050765,1.360151370570214,1.3546894627437378,1.3529944003529644,1.3574974644167128,1.3591723921735872,1.3550440429280046,1.3517047853097086,1.3579967165628326,1.3535639170674632,1.365234735907361,1.3517713521205736,1.3591816667867953,1.3628934963126536,1.351516442976114,1.3498890126517935,1.3557917518407165,1.3612095357327765,1.3584376036175179,1.3545305337245468,1.356310305977723,1.357255003045671,1.3507257139563138,1.365361823591112
4,1.3575,1.357755761292223,1.346070400765139,1.3579162059322545,1.3567922306907847,1.3575926727338372,1.3511945578566633,1.3524928391394468,1.3547698701778317,1.3483922104477344,1.3629331085080774,1.355895789654265,1.3528497352710043,1.3586067163324695,1.3544384924969521,1.3578110736227915,1.359509548557451,1.3586003724992735,1.35387845364729,1.3569020322647956,1.3572661281628167,1.362041724939291,1.3618391070060123,1.3593242613132184,1.36386883993597,1.356464431918012,1.3596654037562377,1.3602424061687033,1.3627231734367116,1.361764533106469,1.3604569234046573,1.3563269239173479,1.3564682154307985,1.3504160681061863,1.3593412673100538,1.3587323531859596,1.361220584310222,1.3661842209205575,1.3559449291425631,1.3533106351915036,1.3510678383611139,1.3590823087295325,1.3528006126866645,1.3518514866799232,1.3605291676642572,1.3614353088245825,1.3599178968625714,1.3611832183693922,1.3580715663002072,1.3517672219951056,1.358317622506539,1.3625110141373191,1.3468058599253057,1.3637414471753895,1.35502532157315,1.353287520358495,1.359803021671829,1.361228757223928,1.3621914667284207,1.3623084422889302,1.3471121401691555,1.3549359018059144,1.365334763496241,1.3592184849931477,1.3706906073465739
5,1.3575,1.3511206855650242,1.3503867417819992,1.3547715801710776,1.3540172126251278,1.3657268064285368,1.3628539848478924,1.358796548973336,1.360277304029263,1.354775177749832,1.3562401647731603,1.3576737319315986,1.3510978181416893,1.3614090552213083,1.3561446366059196,1.348877310893985,1.351462594310304,1.3545274751139658,1.3633585533065522,1.3603189369189648,1.3632702768775804,1.3643950150976958,1.3677062864344125,1.3520782069934913,1.3561510382665882,1.3506615447130093,1.3488957651012021,1.352192989073966,1.3546150211240329,1.3501877589643652,1.348919202994073,1.3610916787923253,1.3675145526818862,1.3602305358159696,1.354944467128783,1.3532854599504338,1.3530671723467078,1.3593868680387406,1.354173809348109,1.358834672142444,1.3573550057035777,1.352134032881027,1.3525862255480556,1.3618653822664517,1.364323179428152,1.3526657306187557,1.3574464504131554,1.35406104325218,1.3583062648955524,1.3547921073263953,1.3564657472469253,1.3639946469301103,1.3606083837416818,1.3584061696262402,1.355225846017943,1.3538729818471176,1.3602225287876952,1.3488686688244105,1.3541067954083417,1.3639747692145732,1.3554369866521994,1.3584652213223745,1.3587668465561769,1.352605509706532,1.3603899221827649
6,2.715,2.7201501740025127,2.7131407269514876,2.712762829440544,2.7091306874296053,2.7062504428299348,2.7203416455275082,2.7158089330071125,2.7166879452834527,2.7099588688210248,2.7177411833458804,2.7083270316878805,2.718495604302284,2.703765927160954,2.7145814728212856,2.722818998129742,2.7136241056488344,2.7088144529420353,2.716441820448823,2.7176160288517948,2.7156844684767223,2.716172531696011,2.7061756370790953,2.7100031796884148,2.7192190765986437,2.7160513023204818,2.7099376699118727,2.720358057140507,2.711489599220956,2.7200093054557617,2.716901633116081,2.7166863299144914,2.706584333115052,2.7036830376666585,2.72086735352738,2.711020620243825,2.716554444962438,2.7181841978147654,2.7180363140489803,2.71242065232473,2.7164774937457294,2.7149154243943725,2.7157301645602985,2.7099622548889326,2.706442196838025,2.7202265325550212,2.718152315131768,2.714347879436218,2.7003920502453114,2.720209660250466,2.712241545876382,2.722748759909642,2.710251451733148,2.7174881273991294,2.715043314520081,2.705451858593557,2.714553385119119,2.7122329019732847,2.7168282638818884,2.708310846299734,2.7134522012799365,2.7217798690271526,2.70769614159556,2.7177343243371,2.71491049460596
7,2.715,2.7149548106579675,2.717151400130737,2.712227760697993,2.723767089902826,2.7117292237152246,2.7072093998884665,2.709854379745194,2.7158007043108836,2.7158053222839267,2.7217569538879878,2.71446466432858,2.715320462267047,2.721355444219205,2.71078247711353,2.7150808121932184,2.723706230369998,2.7230350417182403,2.7034774237509294,2.7219017422389924,2.7076459109039654,2.7102071868027195,2.7174187953996776,2.722164652390722,2.7247583854820774,2.71667795788684,2.718188826062375,2.7218254258272965,2.7256058782893624,2.7127917538917092,2.71523095103229,2.713090547055453,2.712164203784933,2.719658770209136,2.714551662934823,2.7161880675497834,2.7154318938619557,2.7161375559187375,2.7115298850519562,2.7094062177442577,2.7105299784721573,2.708420815369642,2.7102115090186945,2.7064163711767417,2.723759532040749,2.7128136401785525,2.715848333362226,2.7187409078958398,2.7140222149031996,2.7087954986495557,2.718983305484143,2.7057879038979906,2.701958397027244,2.7193377896038298,2.7140232249726495,2.7150856665669596,2.711451442189894,2.723887076897144,2.719369669365747,2.7230054197502325,2.7056489765464717,2.7055636444554865,2.7249492031169975,2.7109273751368175,2.726738442453893
8,0.0,-0.0033125550257207437,-0.001174840502738258,-0.002765594260471226,-0.0029149594772477604,-0.004565262995185225,0.01297566946476462,0.0017842158322607885,0.013090289365561558,0.003883706378347267,0.002416376286114728,0.0014527981982325319,0.0007001920014427874,0.003769203432261266,-0.002063869767228468,-0.007234774544224448,-0.0026562203079696168,-0.003257085944640076,-0.0024871291551762874,0.008329528299843668,-0.004402925259869404,0.00853293490284817,0.004233678528294745,-0.0027701639405022104,7.771739954764078e-05,0.0029046821682329367,-0.01365454663611492,-0.0033986360834672687,0.0031856360139216433,-0.0031349953124931887,-0.0015358796340082031,-0.001366303946085199,0.001038423307055418,0.003192240834444443,-0.003642475201693498,-0.0032544228430737374,0.0002122639968458434,0.0018129534260588,-0.0017160240218217781,-0.004721445275626691,0.00017823053398179612,-0.009302434516822604,-0.007746870606590398,-0.0017788418611817715,0.008431961852724225,-0.0057343996601734015,-0.0008826580962304299,-0.0014840793599064726,-0.00991036346681616,0.0021441423364119343,0.00344223205048217,-0.0071287718914858425,0.0020760396340514103,6.46529868206455e-05,-0.005888916875786609,-0.003330531896343826,0.004196193970878928,-0.00409659258285464,-0.005509217395272626,0.002048717744674833,0.00015459511523767313,0.002035394754921857,-0.002576848594402677,-0.0011913597853773414,-0.0067643547457424714
9,4.0725,4.074877928633156,4.065874160928743,4.073768459196486,4.070214158359837,4.065981197083409,4.069771747459175,4.070181901241474,4.084199477915793,4.068313995689121,4.078802414120489,4.072394778934997,4.076133840124426,4.070035595437115,4.079570031401286,4.079303653612828,4.069840576378877,4.076175695811043,4.072301789829766,4.074876912727746,4.069289469490065,4.07913106509294,4.065558631901939,4.069910029381161,4.0673628120776355,4.074423121390065,4.066573558028918,4.07574095363476,4.072036209821259,4.071269821734625,4.0777143941112675,4.076871591045655,4.06293958659035,4.069860113403003,4.071402250658905,4.066770635360026,4.074793298716966,4.080778359289503,4.078535587472997,4.074002197342254,4.07504342638605,4.07247891592781,4.0709138355218,4.064641953219969,4.0709833625720115,4.078017431938949,4.076700425892356,4.07054882613377,4.058881369300413,4.073861700374236,4.075828984757964,4.073554637294571,4.075252572531435,4.075410690814504,4.071033694521357,4.060349686445836,4.080264715988472,4.080312005435357,4.078648924386019,4.070592407306348,4.070883997686243,4.077295635041149,4.070114367723752,4.077336724446633,4.072516504335963
10,4.0725,4.0798811108726225,4.077013677702804,4.065901919697309,4.074257129672816,4.065921755570422,4.080378154466172,4.068929273066683,4.0730462135041865,4.078669682036672,4.0768685980715365,4.066778994053518,4.073805844349491,4.071989135506064,4.056732187479466,4.070350294965038,4.075229782509077,4.068486434169974,4.0644542280273335,4.078959147992153,4.075529796706431,4.0683630658541645,4.0820301858971755,4.072487968448333,4.079588639717735,4.072104800123604,4.069675674577547,4.073895598053048,4.078817881156215,4.071084833935692,4.068121727170565,4.066458050244729,4.072910547770153,4.079194098346706,4.076246242428582,4.074683143720794,4.069459369220247,4.065166070712945,4.074151293912132,4.062916050681958,4.0683320235930625,4.064688085169093,4.06653420186199,4.072841928061196,4.082029644569173,4.071520396460856,4.076003772796076,4.074201693667258,4.067548783282713,4.0652167000649175,4.078743224794595,4.071995716488126,4.058857011799536,4.074752441389368,4.068120856131872,4.070088322462715,4.0733161503442386,4.068284945843985,4.072031410525009,4.080583495134892,4.064120571139439,4.070166021462576,4.072450514675266,4.069661406598389,4.078368577508915
11,1.3575,1.3497879977887433,1.3590366713568693,1.3546003492642436,1.3574866169669093,1.3542048801345672,1.36219615107232,1.3600628887693815,1.3607379401853763,1.3545374688546394,1.3590479760578524,1.357892398900284,1.3568466603445586,1.3587094560959971,1.358925435154098,1.353268757312452,1.3612912770434804,1.3562665240528227,1.3529129826960131,1.365554396368929,1.3462157775515455,1.3596609631495389,1.3528764285971377,1.3594403105041548,1.369204929156582,1.3621517878698843,1.350348287781136,1.3612939781902638,1.3629221996613978,1.35967784429592,1.3572803345973836,1.356881214147566,1.3575534104589315,1.349953846591741,1.3566007941118254,1.3553231813619082,1.3602398446930173,1.3630388675648308,1.3476840070201426,1.3524710551330228,1.355326213337171,1.349254378447068,1.3525497351893416,1.350010777450377,1.3579294434605031,1.3501230239003588,1.3533530371195683,1.3595496213028406,1.3498787910016488,1.3650971103486826,1.3529273739108645,1.347509034872626,1.351395802540374,1.359009820169411,1.356668685811048,1.3589838195971529,1.3476514306585377,1.3567875267741636,1.3531328003061989,1.3549241794637135,1.3566672145754903,1.3547516563408202,1.3607329544845657,1.3519208670286402,1.3558398980773092
12,2.715,2.7132291206069774,2.714380055145856,2.715692511627372,2.720690726247683,2.719616457610127,2.7184510902952606,2.713884950747101,2.709330045138088,2.720225033332139,2.7046502084795607,2.7159629933364555,2.716975289227517,2.713791258042869,2.715294819597371,2.7155706084522526,2.7180085727538166,2.7172298759685223,2.718674956356494,2.717576056931481,2.7133746291417693,2.7144805356190074,2.7084197668676966,2.710777545380302,2.7224227938074095,2.7087704048279497,2.713800913817034,2.7161849962471143,2.7109678984227688,2.711916691321366,2.700591008123739,2.721373580963836,2.7179808210896867,2.7207253974323646,2.710738256666859,2.7205165920514425,2.7095959062839094,2.709948508756324,2.716681033895265,2.716393065241931,2.7128160873269067,2.7161148079829838,2.711635471744491,2.7161256879677937,2.717607464299526,2.702899080035942,2.719689078890778,2.7115484109258547,2.7195155385715313,2.7132926651030767,2.70898030486696,2.715935659960375,2.712862338818343,2.718063591328055,2.722724067294148,2.7059132820513674,2.711275679081064,2.7177839861931035,2.713549813946809,2.7122565928449522,2.713695334859732,2.7165598543121345,2.7170940463129214,2.7002532325357733,2.722743966141031
13,0.0,-8.401043698012598e-05,-0.005920119726509733,0.005132981157334818,0.0009400968474356803,-0.0012446128829630611,-0.00209884049137457,-0.0017256556230820894,-0.00733983158814031,0.004836198719340041,0.0026871978189448777,0.0014425166498610513,-2.682137332135707e-05,0.002353681140201653,0.0023495475854979292,0.0017098731089513627,0.010622535472716951,-0.001303189828070803,-0.002246993172277033,-0.0036706704359858663,-0.0068061200764533225,0.0029532376534656623,-0.003920537812709348,-0.00022414313511169126,0.008178892151645386,-6.532828575890029e-05,0.0032414628474415684,-0.008977922959733998,0.005791181777874342,0.0025417818095741025,0.0010190501856061358,-0.0050680925163674026,-0.006051315310239166,-0.005420610556831017,0.0005309325766376062,0.012916610342162028,0.002126249641068413,0.005196038363642433,0.0005537150442578923,-0.00447725032306702,-0.009729753237295687,0.006880103549312788,-0.00673401004527725,-0.004343300599362592,0.0015451222595243305,-0.0042900218422453045,0.0008226485248700786,-0.0007276078021795266,0.0018894903563021228,-0.004556880387259088,0.002600932370339583,-0.00374433245195033,-0.0023146504171640244,0.009057378774960913,0.0021414964746793346,0.0015936044302305953,-0.0028307769844319753,0.008908817469936828,-0.0020659496003924255,-0.006595966371289197,-0.009243696205526621,0.001715251391363394,0.007145815944336659,0.0026332352104308974,0.01048522348004181
14,2.715,2.712241324403915,2.7187827500256283,2.7108058500406256,2.7096756555375086,2.717075009668573,2.718489392707964,2.7200730766927905,2.7134178921655434,2.718568807211974,2.719918666233231,2.7101735030978795,2.712783138288515,2.7150624884371424,2.718267580680868,2.7127553364280503,2.716607670795035,2.709596879313495,2.720093941515017,2.718811417157999,2.718856523154057,2.7126969287852614,2.717677575343645,2.709755430026632,2.714880446559352,2.7088704544146043,2.710306437671779,2.705622067065341,2.7126631749542,2.704904173435241,2.7104492923058072,2.713844628695392,2.7160541431638223,2.7151504016217127,2.721074799647013,2.7107779077808942,2.709351926010821,2.7157103896062393,2.711831022757722,2.7158878506271393,2.716362108373802,2.7091806135138103,2.7141746721138107,2.7158814952547097,2.7138274434370047,2.7142665525891587,2.71056277736536,2.708543211519958,2.707229380681644,2.716116140941079,2.7171603219509697,2.7204683124851043,2.7218495759223846,2.7177998776366743,2.715397210621964,2.7206866629517346,2.708790584319538,2.707159956734898,2.7092097284970884,2.7133934630305703,2.7124319712060028,2.717085915546731,2.712787158337592,2.718747623350621,2.715836562608021
15,4.0725,4.066014702106942,4.070195808701381,4.075850367302724,4.072979180272008,4.07024430600281,4.072575048153376,4.071112843549264,4.065808875906736,4.075472373330816,4.075286179488322,4.067555352132511,4.06947832780528,4.070135034509335,4.075477236860827,4.064083817246638,4.080514872541101,4.069295647101803,4.076164035137267,4.067950533259502,4.071516859811692,4.069407812575815,4.072029101208973,4.071730922926445,4.070878065066752,4.06221138472285,4.075705216652404,4.068903607474592,4.063942087961608,4.071702037658817,4.06213011668284,4.07308751289955,4.07558243948709,4.070369067960469,4.072113435753554,4.07405906146847,4.070633380130943,4.073198368645172,4.072047364870846,4.075061916021417,4.0729307635106045,4.080938425426307,4.073214661185913,4.072505033896712,4.077235346898637,4.068725207753789,4.0704815344373655,4.068355875999262,4.079010923911114,4.066826822392074,4.06592336747269,4.068314785846218,4.068174511677177,4.0816571418492575,4.07956983469945,4.064668520908391,4.063911590851322,4.0733424575466195,4.0689718886388295,4.073674069206966,4.0692668477686365,4.071798182792373,4.073185287139757,4.064592346410687,4.081005019070565
16,1.3575,1.3631344282946833,1.356037113474221,1.3573267120363284,1.3599917892733615,1.3566577142179277,1.364170954981684,1.356365670008279,1.3529499415979729,1.36532540789642,1.3556412753268947,1.3558979075940998,1.3585164720955885,1.3559400081567343,1.353441057824553,1.3585061796450666,1.3636233532244053,1.3591259412257382,1.3547604493090981,1.3602089557158779,1.3574660196230717,1.3600747493119338,1.3561123662442913,1.3513022053782688,1.366732528275424,1.353376792430833,1.35509927724279,1.342134475820098,1.3622783133307734,1.3546009328603472,1.3531341444102702,1.356510969142109,1.3551356873992084,1.366935915770077,1.3608060895096274,1.3692954662781405,1.352175532147472,1.35175584010884,1.3635925382118927,1.3535925034574134,1.35077567465228,1.3595801421308182,1.3497358659211798,1.357953240444274,1.3553467370151007,1.3531912750018602,1.36680160288105,1.3530332108787804,1.3560366854171761,1.3566023246869676,1.366305659468023,1.3625670059705564,1.3630736799924559,1.3593982004689604,1.3554972843461088,1.3559503310717829,1.3625308355469241,1.3634135705849044,1.351071672101535,1.3476313558770148,1.3499713848144097,1.3626351601103366,1.3628826310639381,1.3611773445199884,1.363104435697693
17,4.0725,4.068645252155072,4.0737506551765605,4.07162215811752,4.070348410719924,4.080586595961383,4.070513083084142,4.076486470408949,4.069277198875672,4.07494619898662,4.069107246454004,4.076051796743009,4.0741739048619685,4.077147306048714,4.078604546878411,4.081091855977539,4.073893331461017,4.06904560329166,4.078115878805115,4.077057865294652,4.068432894416555,4.072942794276562,4.067272461227554,4.07033863851387,4.0800649470797525,4.075284015164891,4.068233588837144,4.075250136374656,4.075730904320082,4.064044447944519,4.069092491048348,4.072260788379169,4.070133211588119,4.065312548634979,4.071868012465614,4.072475284936954,4.070708989863806,4.079059194086187,4.0654781987370665,4.0714491296515645,4.069075006627437,4.063381107379483,4.069118467841893,4.070346126943186,4.072811543064869,4.062935842048092,4.067359525102439,4.070324815717829,4.066695425087162,4.073768739497265,4.068515443387991,4.0727615452724555,4.073827897955947,4.076626439320898,4.076919035782447,4.080024701471085,4.062416422980792,4.070091181832753,4.073891182597467,4.0700220381651455,4.0703533963895975,4.073655720168321,4.074377781094646,4.068030434835871,4.077551720074302
18,5.43,5.424723732904251,5.4225503562948,5.435277832017516,5.43026252899967,5.423147754734932,5.4312945344067645,5.427582305867935,5.433611841472167,5.427953953417942,5.433708775757719,5.42850828619831,5.429159921426456,5.425744107299482,5.438973846262423,5.424507170782596,5.435757636625256,5.434766943324613,5.429282419048963,5.428450125187257,5.422128934461352,5.435751280657198,5.420574497388515,5.4268488824422185,5.43073811976654,5.424612631220009,5.427077418115839,5.422100051432983,5.42604957054666,5.433694535242646,5.4290019582400175,5.435035532530164,5.427152339807201,5.428437831667421,5.428455619038766,5.431851262942208,5.4311291616103015,5.435055674880788,5.4335125436365,5.4331021180696295,5.430566685752,5.439194605020858,5.42808940915336,5.423300833502174,5.425417442610735,5.429945963293428,5.434504722161272,5.426453561834262,5.427286021612119,5.434837877385503,5.429193937599898,5.425984092089591,5.4341153212944535,5.434798299154861,5.43212113763181,5.417197094410589,5.432259186025211,5.439797014113414,5.425582464823979,5.420650384339884,5.428519100154144,5.433823905244604,5.43231318336102,5.4310814796577365,5.431297150768575
19,2.715,2.7259867749748743,2.7181938853456638,2.7134947626999666,2.7153382911209087,2.7112058042146168,2.724423326140497,2.7123067668479504,2.7133642703281877,2.728772296305838,2.712116517464911,2.7164072871385003,2.7201187879300806,2.7099007713456835,2.7061648164279553,2.7126791765909393,2.7218371639728343,2.7156191243882852,2.7151641324966653,2.708793637012824,2.7191428454314113,2.714670298768526,2.722790300290862,2.714140559423304,2.7178782922707296,2.7074191426257532,2.715602595804973,2.706650151422216,2.7169281923578965,2.7123323261194523,2.7028484840612808,2.70870152538509,2.716468040879628,2.7227586722818153,2.715641943651179,2.7201327178957326,2.716566139350711,2.7066329186611147,2.7225057823778998,2.7093827240772934,2.706717329771323,2.7195609716928155,2.7113926008607825,2.7209780482284973,2.7184537784881573,2.708796777932375,2.7200601587300324,2.7120825726387014,2.723287484405925,2.7070294376201387,2.7194423066631397,2.715967064399041,2.7060328219932597,2.7150828168273473,2.7116948023809018,2.712404463594635,2.7184567293669657,2.7141617221705245,2.706472697083113,2.7164421057297923,2.7114774393596077,2.720013672073124,2.7174382500510585,2.71049087284709,2.719921469245509
20,2.715,2.718836317889661,2.715729107465283,2.7139151325717563,2.7100856748678916,2.7152907961310078,2.7176376873801615,2.71847772728167,2.724177989326039,2.717648109972054,2.7115902646752583,2.7239163398488433,2.722839458088536,2.714001531339475,2.7215776443320343,2.7232808017650143,2.7145382779270912,2.7176404699411885,2.719438585065894,2.7144876568634424,2.7083579303237477,2.7212464698911947,2.7104147837512325,2.7163544686832197,2.717326420911724,2.7192658095269557,2.708347557538697,2.7199805273452733,2.719261697625132,2.7115105990695736,2.7129722457771606,2.713800388651771,2.709956379514712,2.708146829146958,2.711493988029554,2.707439934269991,2.7235265251435665,2.723833747858367,2.713444961822726,2.7124865695649327,2.710698397563246,2.7099052318270846,2.7124860363126744,2.711204643000612,2.7110341698848814,2.707494199619045,2.7117626152048087,2.7143492551350157,2.709795462983994,2.7188556486430784,2.7123236506117356,2.711718701812417,2.7119254073316785,2.7130316993572903,2.712879426192908,2.7168178256385365,2.714017851897807,2.7152011200417463,2.7133159295339575,2.7124345136649954,2.7188293966358383,2.7208353772722598,2.7157803474853344,2.7114083836620857,2.7116022901384156
21,6.7875,6.788486635275705,6.780046010271095,6.791264421281509,6.784574185495769,6.7837841584982,6.799550914277522,6.786534307079196,6.788594563901548,6.790147020208313,6.780651808552142,6.788408535569256,6.791288974644893,6.7811240417199246,6.7882284113377125,6.790359097990696,6.787013028687748,6.7814138976834215,6.790816074022476,6.786895451071573,6.782906613651513,6.796373639523033,6.77744741735422,6.780052724846209,6.792791720686584,6.788396961578708,6.779488443703851,6.785622864684653,6.78383078770419,6.794493591714704,6.783771679461568,6.7893905365575975,6.783116694106848,6.780927520764553,6.784851774021423,6.794292094470352,6.789655057567284,6.789084899095256,6.792084125557119,6.784871670179159,6.784269185310961,6.793064479391278,6.781917154944561,6.78621897245383,6.78634777273671,6.78020417059602,6.79330888406902,6.785736162974355,6.782605522144033,6.790629387434272,6.782587656819553,6.788272670560588,6.786320914425462,6.791564080410538,6.789990381980076,6.774226884819147,6.790682281343941,6.789151644708369,6.784521391329611,6.777246046815677,6.787625710440294,6.797306559636065,6.7831029886917795,6.7820542528300525,6.787634703635882
22,4.0725,4.076083976773735,4.0731826424211475,4.074525798659818,4.079163974218746,4.072141849893929,4.065964152574385,4.068234433008907,4.070852899363992,4.0813983187380956,4.07199715582354,4.079601273893003,4.077326936685152,4.073836473492226,4.075085355451391,4.072298545758486,4.085377369724977,4.08575854074569,4.069451700243973,4.066283667204466,4.06554378265751,4.071299613951033,4.073096598129426,4.078386577254981,4.078014974373619,4.067295266878814,4.079718110208191,4.069543845592957,4.078291123033107,4.068925683123968,4.064489487698292,4.070492324723473,4.071654481737793,4.079210923752669,4.0687646547748795,4.077171324998291,4.077192586022994,4.072374533569811,4.075695118541213,4.070994871226407,4.063492081221886,4.078286579946691,4.0694166951110065,4.069734558516847,4.074628166962243,4.064751802967131,4.074782170345311,4.071937638389032,4.084727718424655,4.066219381186631,4.075244274434641,4.064437837747079,4.06431454663625,4.074796004173185,4.073030213905498,4.071898894510996,4.071766213561326,4.0851403207477945,4.068953925448149,4.0735043853991915,4.0680586167605375,4.070774082523189,4.085109010439598,4.066336517605678,4.0832164634205945
23,4.0725,4.076341504445432,4.076322261249772,4.068392792747729,4.064822418313694,4.067000034443326,4.080224868948267,4.07662376350503,4.084359746841437,4.076795315528773,4.0770389009546575,4.072973756953076,4.077041568809829,4.066295502948439,4.075994139159378,4.070220894705466,4.072926793891662,4.073112274267304,4.076704928287307,4.070701423293763,4.073791430975277,4.075907305977516,4.0761307470465855,4.070826060475079,4.067560155834935,4.068507322293376,4.065366062125491,4.0665351421083376,4.071719249724314,4.0665277537438005,4.069391392497155,4.070143827535832,4.071954145187386,4.07273931871438,4.0750573452339065,4.061307572693514,4.076777890208029,4.075056221070075,4.0752063211560845,4.072103301553024,4.072841014172142,4.069734726102125,4.073316253581292,4.0725195501671205,4.0672896746414775,4.073714827612856,4.070264163938428,4.067548642728089,4.066465883734971,4.076511040193672,4.075927543406226,4.0731357135168595,4.075182091957997,4.0687090183436885,4.066293690650476,4.072281690976489,4.075262943103222,4.067160118645835,4.064014825373624,4.071536689514297,4.075677513389635,4.079393433267095,4.06954102278876,4.077091218080719,4.065188778245976
24,0.0,0.00020546007379399444,0.0057547099133186536,-0.0017256048334907976,0.0061273632332593565,0.00017742901648341305,-0.0011497576692550899,-0.0008089825226452409,-0.0036532454946492047,0.004207750026260466,0.0036326257550619084,-0.00453040336218173,-0.010126367896206495,-0.003720409782418713,0.0012946602732962279,0.0066703764509074585,0.0074431631738982994,-0.003370061590331495,0.00408582128127115,-0.004515089408809582,0.0017053907536744033,-0.005577385558881237,-0.013892192026805033,-0.0019013765862072873,0.0016354930891994686,-0.006262357039883249,0.003149249439412613,0.0034716229050702927,-0.0018192245548684376,-0.0015374395618886962,-0.0026611147494440273,0.0017219925430508507,-0.010806140875738958,3.875973424750321e-05,0.003598793783743715,0.0053108093081018284,0.0014497513015502685,-0.0009760468131031444,-0.0006200530449326997,0.0006156327636489986,-0.0032097273893127174,-0.0019234742747004832,-0.00037669040256697926,0.0006423094030542559,-0.00817750264341076,-0.0010804324255939885,0.0033812434085256997,-0.009728932537439648,-0.008697144338627158,0.0069384667740353375,-0.00033543453217678665,0.008510931559978752,-0.0074227769453940416,-0.004720246183437558,0.00478070745129635,-0.007092771133933226,-0.003789120428056802,0.0015654896636229845,0.003698021000096776,-0.001370581925132336,-0.00048253598148879505,0.0053471537126388085,0.004276141868913452,-0.0030565669562685697,-0.0039019285179529104
25,2.715,2.7110352419271426,2.7038530509508663,2.713079248705248,2.7058991866836197,2.7186037619802064,2.7155289218816794,2.712252205720616,2.7140868299083944,2.7092504973866993,2.724716213861505,2.71294313782166,2.7025199289505615,2.715811271552306,2.718076328268815,2.713170102143546,2.720788781279524,2.7079848364549264,2.7119069953817188,2.711443035541888,2.7150672354022594,2.721909533016381,2.718580460598006,2.717479730330321,2.720007535163792,2.7090430735548954,2.715030208371364,2.7155020205625897,2.7180758759419033,2.721388558826778,2.718840702129661,2.7098206063205623,2.7150045580077315,2.708395536351681,2.7107067280521067,2.7202655557702107,2.7232431873854246,2.719117799180936,2.713642027266921,2.715610254298558,2.710393891310818,2.715124004411272,2.7092782809050124,2.718672031279249,2.71404121741766,2.7202825158806077,2.718344971942315,2.711222958448055,2.7156084020763807,2.7137789419582385,2.720430591659161,2.7189350103803256,2.70853821856433,2.7214493248716463,2.7136264340856697,2.712042606441984,2.7151302303528286,2.706946291130233,2.714142623777835,2.7177149435700763,2.697276348862986,2.7131124236413915,2.720131598627101,2.718196255601162,2.7188149583708445
26,2.715,2.7111703435879657,2.707525044279664,2.7188406994396805,2.7235028770068195,2.720781984070046,2.7161698941302004,2.7143815268949805,2.717907578831302,2.71638489661744,2.713877586032305,2.7181487085871523,2.7041942291931598,2.7217408724788235,2.7098335954266486,2.70931132507023,2.7092716454770938,2.7138675700582606,2.7220043415085833,2.7110179870241096,2.7189864565791475,2.723593763797144,2.716267654913939,2.7089975765672407,2.71051572865627,2.712515735691436,2.710728547822932,2.7060656115343176,2.7170022988072255,2.709179312183377,2.710637357805523,2.719001176788158,2.713933876255241,2.7171632182048215,2.717196720292116,2.717487673640475,2.713972429555087,2.72232428433502,2.712285137270876,2.7108396257230507,2.7075640174050495,2.7137738017344057,2.7073981230130046,2.713603945451752,2.7229202174783773,2.7074815885989616,2.715526122181324,2.7117561576472577,2.712800327164826,2.7134009894919355,2.7127693987606083,2.723075268610401,2.7129951461199537,2.7093116708981335,2.7108549268568707,2.709206768516172,2.7244826029457547,2.7216059209097883,2.7171590129760093,2.7216300831243156,2.7228735988883668,2.721674339576697,2.723574102952609,2.712813540579021,2.7148335027413286
27,1.3575,1.3571913646042788,1.3570207718117442,1.3614638118515512,1.3586683168615292,1.3559427928442143,1.3559064559359184,1.35314330644894,1.3606309041037854,1.3637857966365465,1.3675736410302937,1.3567881302892904,1.3472558658346976,1.3596138946310603,1.3612652329886534,1.3620518766687382,1.3620657697294458,1.3481288344332352,1.3639372457285406,1.3472982976714578,1.359756120619685,1.3585964398063162,1.3499807777916868,1.356564153177083,1.345414635718068,1.3534612191676627,1.3601475229122788,1.3597273594219799,1.3552773556656348,1.3557692567708617,1.3592726571170362,1.3537212536319954,1.3440620588215104,1.3537990127881705,1.3569946203997312,1.3623356769439823,1.3641786835351826,1.3633643122173322,1.360013997972371,1.357939034565324,1.3539706602092438,1.3589497209878518,1.3556840106093644,1.359582542870684,1.361604960245912,1.3579733771097364,1.3567312720889562,1.3477912095351636,1.3502123186709982,1.355306822900262,1.3586470248343365,1.359449934022058,1.3507975154208864,1.3582006610111437,1.360779483990406,1.3488608673318314,1.3578723299973954,1.3595247038802496,1.3645311132267492,1.3641139452578877,1.3564928208320526,1.3640505980423965,1.3577646786483126,1.357048087209131,1.3532396398287843
28,4.0725,4.064481286123035,4.068425342239371,4.070067777793926,4.075376527223358,4.080140537443686,4.071388205388211,4.071095860280767,4.07263964480106,4.075410760491782,4.068829142033062,4.075053202094142,4.05721942876582,4.07568127870027,4.06574009338598,4.076624751381954,4.071595006187572,4.066450274793176,4.073496184367663,4.072737153545478,4.073566083074189,4.077996351424441,4.070521428573246,4.069534791545348,4.072340480016711,4.0662569528421075,4.075928949522578,4.067973916289543,4.076685018202776,4.071902732675737,4.077712100995083,4.077659213330365,4.071254182620476,4.070797444505566,4.07651285374859,4.081794401184613,4.071689399320994,4.077633498634611,4.070425449544029,4.074175288781421,4.060650000166362,4.072992619929049,4.066173385601851,4.075656787944455,4.070804499142787,4.075122516197369,4.07876268875737,4.0663686292008645,4.066925344692525,4.0747338929167185,4.072150089283709,4.085648890611563,4.067909627925185,4.071410462862742,4.068592338675847,4.069522999505355,4.079152184571355,4.0743007950839525,4.070853736416955,4.071324060901724,4.060944664320617,4.075496486119225,4.07877100266604,4.072292361244114,4.073353333570512
29,4.0725,4.072592609990858,4.065118409082835,4.070004153120593,4.073367452464586,4.07591895390045,4.076345692907839,4.073954600576289,4.067531875234948,4.062449085917067,4.07850627564232,4.066834984015922,4.064490937769223,4.070313722643975,4.0744075308491725,4.063151933593873,4.075822027889913,4.0751574499334104,4.073292742143655,4.069959787880667,4.075472883112141,4.075688976685576,4.073891915585292,4.0705167305245835,4.0853661534099945,4.068357266959507,4.066009217786658,4.069780253254685,4.073821082015692,4.07339578665099,4.062540420107028,4.071180993066903,4.076647394153656,4.073694963163371,4.0708320142657195,4.071781347220548,4.075328730984866,4.07186178111182,4.068261700536977,4.067422402096317,4.072554583779124,4.067560818841978,4.067045968058629,4.0709220636204915,4.068942421115705,4.066191047588071,4.07458545860669,4.070972892853114,4.075335558053909,4.0765342782279745,4.074744845446973,4.076940260629331,4.068316157832046,4.06851780366001,4.072174540538187,4.067885422345545,4.070178899646309,4.068705282343052,4.07254840446755,4.07512859920977,4.0750118309923895,4.073567732585779,4.084230102741368,4.06958655298637,4.075148188719089
30,2.715,2.7106869153517263,2.7086694883484284,2.7139698828454586,2.713059836768269,2.7180631077606923,2.706954620862838,2.711489825733194,2.722188192110842,2.709146223824393,2.7186916132757437,2.7156693909755516,2.71136298245818,2.7151091919616803,2.723199366469668,2.72517117655977,2.7129192245489038,2.71670049121636,2.7165427843293144,2.7173352897952414,2.7200369573405427,2.721168810168789,2.70347962382515,2.71646955991382,2.7042713349558674,2.7130388864144153,2.7205857788770125,2.711869512252909,2.713941877378906,2.7204819682852324,2.721996535165153,2.7163045607030374,2.704358105419608,2.715657455819213,2.708874842579531,2.718272301232661,2.7186620258017022,2.7158990988236758,2.7200631340303327,2.7181015117138867,2.7156418577908745,2.7179367460968935,2.7103950013402596,2.717611973831511,2.711880855943419,2.718653416098105,2.7148292217541243,2.704526018335313,2.710619588073083,2.7143251566118742,2.7160065883343134,2.7153055029669297,2.717068646504118,2.7151435224669287,2.716912686345582,2.7063507161450113,2.7208423005001583,2.720640838447677,2.7193497982446804,2.710538082464771,2.7113327579205033,2.7237481637207415,2.7142851076829624,2.719452736883826,2.7118075396825287
31,5.43,5.423793696765578,5.437694453399303,5.426229487990484,5.434249750314523,5.429827052109658,5.433924499156007,5.427348003100352,5.43039028560317,5.443535756768285,5.4302617733186525,5.4311614580790835,5.419317745945953,5.435464343016175,5.416988226467364,5.432167421680433,5.434900119136763,5.416294316228659,5.427094876143512,5.431941223997091,5.428227617716455,5.427130658091973,5.431038431162861,5.431479801005209,5.429778390030251,5.428349249504527,5.433499394416299,5.430848550232945,5.436177666304083,5.428623210961165,5.43371656219314,5.42524842316458,5.425464955009852,5.427569143736853,5.434007835866347,5.440348961939086,5.4301036137862955,5.4307440458486385,5.425872689504575,5.4262865736046475,5.417698893902312,5.425657608692143,5.4240070580643245,5.433752677556384,5.438855231123374,5.428232033574696,5.42885190969245,5.425448049513307,5.422630239135089,5.427221308591285,5.4281673628339595,5.429347549793983,5.415031463989853,5.431812474894237,5.428231256571176,5.432155683917583,5.4269994250754605,5.427798348221803,5.427369693350055,5.435545465812492,5.418954472758591,5.429369923412579,5.4296788817998625,5.424393315346522,5.428790273268397
32,2.715,2.71280720527187,2.713744895498521,2.7069510286325627,2.712497738857734,2.715214560887466,2.7184308018629766,2.716351600636663,2.7140390088115494,2.7031964646727378,2.7173113782118237,2.708883040151701,2.7187218569119183,2.713114498299031,2.7150290927409575,2.710019960277924,2.7167497991259064,2.721158240062816,2.7068744364598696,2.726359740213759,2.7168451688173176,2.7148613724950543,2.715488736344669,2.719344571580546,2.7278517752410805,2.716700997372667,2.712231338702925,2.71228870255052,2.7193096432927204,2.7227262538488604,2.708595089112945,2.7095733586275705,2.7188882777399606,2.720058154658822,2.7090034189629337,2.7140215957010874,2.7155483824374467,2.7050835341589328,2.7105981519132367,2.706846996962687,2.7197252420429137,2.7067326297904155,2.706580315437189,2.71447369995618,2.7148911558244992,2.7071125491581975,2.7104866766518745,2.7147039204805,2.7181171808777926,2.7159615187476955,2.7155669812530765,2.7049566167300214,2.7097257609809358,2.714440756090819,2.7155526345935748,2.715688436861966,2.708076413644612,2.710458880621259,2.7114341250064555,2.7127114581113445,2.7151042545367963,2.7145085875396293,2.7192571083083954,2.712068346009928,2.7168647728261055
33,4.0725,4.0703731487280965,4.071594075539783,4.067665364798721,4.066577600733343,4.073325548376284,4.072507846661175,4.073367896577268,4.069869452501634,4.065695240150963,4.0720048759436445,4.065845439389314,4.068457497995907,4.063668109670363,4.07242660881847,4.084365451741693,4.071829513760581,4.06390930309887,4.075460550938494,4.074331969567851,4.08082418227123,4.0720245896565705,4.060119859076454,4.0715961726110645,4.070801334055551,4.070074141266355,4.077972750746535,4.07186421302051,4.068099061044532,4.084021553191464,4.076525026863996,4.070597308380143,4.0633329024152935,4.064180736822134,4.073612915164096,4.07748582806679,4.0753480420490185,4.068283669336068,4.074759650920442,4.071512094587058,4.072328929746622,4.075582716383175,4.07000738072614,4.077668234342949,4.062740346392398,4.076036220545007,4.071224449168982,4.063438970372313,4.065536607917792,4.075519289765844,4.06737751372505,4.079166576433167,4.066672301291186,4.072535131406102,4.076219397094907,4.065957571625594,4.070457851356773,4.067769448155377,4.073172283931922,4.063344478759126,4.069108728566097,4.083277315134404,4.067344156251067,4.074450678989321,4.068713824964353
34,6.7875,6.783430277114619,6.789396740410241,6.782032180901888,6.787738204291034,6.7870241997795855,6.7867115457996565,6.7828323732515035,6.789201183322765,6.7909846889208145,6.7986885744923145,6.78665716336824,6.780075865066731,6.793002942520388,6.789351241181407,6.785290280901714,6.800531285711012,6.787871488353282,6.776971973040658,6.791731446029366,6.780440440087289,6.785300886063851,6.789574312507055,6.795457767036089,6.7957184021390376,6.784566163602054,6.7887155812832045,6.792057826280553,6.796083919445522,6.78699889309882,6.788683013431685,6.781195513340517,6.785739207328971,6.793735823519045,6.780965006102801,6.792590751771523,6.792186283111151,6.78489789396844,6.78393062523626,6.786892262958646,6.78470280102074,6.779515979777581,6.781233681976941,6.787927140420364,6.792257361458694,6.786496099814437,6.789154454411201,6.78358688006038,6.786992990533258,6.786629564861298,6.7959321405691515,6.777322918734106,6.779029987021521,6.792137661668279,6.787449094364925,6.78876745624818,6.781157063521821,6.785829316872282,6.786427810931966,6.793181157340628,6.7710027579919005,6.779281145027536,6.7951055706845604,6.784688677819059,6.790475938261376
35,4.0725,4.065759701098043,4.0718703370249845,4.070524528574768,4.0775395352310895,4.074865794156171,4.072954735794868,4.070999527478506,4.080199879637423,4.07250989667377,4.067803797925511,4.074715592902605,4.073946017683934,4.0790547885495245,4.065033825079283,4.0714820960679,4.065579172340583,4.0749616069654415,4.070529442106771,4.082289147436619,4.075812617033899,4.077600222971878,4.073338586665062,4.073039655020563,4.0686262462244045,4.0764109152149945,4.071969306998913,4.064233293509342,4.077113613806673,4.0730383646810715,4.071723786236587,4.072115345937502,4.071855328146837,4.078216357471937,4.070240036848763,4.075256217532069,4.0690280904909875,4.070323559419598,4.070320134001477,4.065065352023556,4.069687920902248,4.0674428389665955,4.063007005768649,4.072552982696377,4.084601109991968,4.0635389786415335,4.066684289664244,4.069837274735351,4.070860864345792,4.067853969163652,4.068549551582498,4.064848674487791,4.069101181896954,4.069654335458805,4.06895804708287,4.071645201798681,4.077085150375035,4.078289928470939,4.071368873988533,4.074857631362725,4.0780446163730915,4.077503851057851,4.073869495446272,4.0696053665146215,4.071400877379424
36,2.715,2.713053379629766,2.7145483163094615,2.7118396709912855,2.7200181951743807,2.716019919837691,2.7130966885319467,2.7101702484696064,2.713264861277616,2.719156301898008,2.7225087277692785,2.7119169679330386,2.7056165330402404,2.7165530415347505,2.7148273272975163,2.7065841927797836,2.720192521765212,2.707398055714875,2.717972836918419,2.709838107239241,2.714063205224028,2.7110733117679024,2.7182571188832654,2.7115898329383517,2.706565367001799,2.708570938505618,2.713318155502704,2.7121599098916573,2.7135563536193787,2.708277030915675,2.708399570543437,2.7099234766654763,2.7126177951713006,2.7110902932817957,2.720637213939484,2.713896976903586,2.714847089919389,2.7229101485307456,2.714114803922992,2.7121305324402925,2.7198885888634137,2.7234937121362344,2.723846450826062,2.71169813739186,2.7181938569222037,2.715928466187919,2.718675040946819,2.710299679247107,2.714848013638818,2.7144825652565885,2.7107290951142353,2.7123148274263307,2.714243157767369,2.7171876318590895,2.718240872828404,2.704267504264929,2.712166326592224,2.7159103705842753,2.714293236009248,2.718417314411138,2.7195022816039676,2.7182686207879487,2.712761948802169,2.712817715758048,2.712971966539618
37,2.715,2.7124506927368435,2.71811427067089,2.707418012366618,2.7208267252548413,2.7236603246161826,2.7134189601094323,2.7143835540713157,2.7137099161196767,2.7271751120646504,2.7078733974881595,2.7196406257912575,2.7098306589129915,2.7210557277220215,2.7077564689711187,2.7197559670227176,2.715000770860018,2.7073779079114746,2.714316662005575,2.721642283958008,2.710996265181227,2.714490469964901,2.7185668040076933,2.707778016578134,2.7153194059527412,2.7143093805082956,2.7118643262976287,2.7059807194464955,2.724162589781427,2.7037533449553104,2.7169407991856303,2.713835773233287,2.7129443683465766,2.7135113720435906,2.7257338885418365,2.7213480963881014,2.7075421561604727,2.722747743519364,2.7141253538380505,2.7112527686311076,2.710610671136816,2.7182631328623916,2.7183375338213405,2.711810427539565,2.7134626048829706,2.7151931592141216,2.7245052987682374,2.7117816223813884,2.706811579502044,2.716864190846644,2.7144099344102597,2.7203962475393673,2.7229373672106494,2.7163901241305934,2.7126441360189903,2.716406825922973,2.7183407845446688,2.7192188317539947,2.708886891626389,2.7065999279973525,2.7100887284506525,2.7195334460938296,2.7132296540981944,2.717842676314249,2.7153171288293185
38,5.43,5.437735242227517,5.42857340418146,5.429403729094851,5.428984307757427,5.432171546132572,5.4346713187541456,5.43135908485824,5.428174057494361,5.430394938666002,5.435141383989612,5.429484577970495,5.43129248559416,5.431245590712669,5.436115981953122,5.434688984159098,5.43399159813168,5.431008883096885,5.4328085784546385,5.429105068462111,5.429778427836392,5.433072776677392,5.424779931660275,5.426204500106223,5.4393659290175576,5.433630536908501,5.42104892752151,5.426959099345295,5.43605671578354,5.4248165817617435,5.424062892956219,5.4237974623547744,5.422345069967284,5.431772560416687,5.428345449865679,5.432917164439729,5.432767316251643,5.430247287359873,5.430295120611683,5.422982104894881,5.428964206316741,5.4209718990791265,5.423261514047959,5.427325152929878,5.427629157706686,5.420829398612151,5.430515078605576,5.426323402640425,5.423098609623627,5.432294096888806,5.437797868993053,5.431393836066687,5.432376218052536,5.4274931258357215,5.43136247550233,5.431601643141108,5.428166380806582,5.428931029261776,5.433721269497346,5.42856975188593,5.4335048192101905,5.435742724353801,5.435778074050912,5.432167186740778,5.4295708476262226
39,4.0725,4.074458681285425,4.0738730030346355,4.066156667583556,4.082481994533208,4.080449285114373,4.07438776979788,4.068322566704576,4.0719099014706845,4.0787171521936,4.0660727053029335,4.074552825043674,4.0672072137612325,4.075284731919568,4.069282735609833,4.0736923908306615,4.073119593728427,4.069782792561309,4.075181969626002,4.073532258041485,4.070672501696653,4.070846319144442,4.070825319907259,4.066089993617267,4.073053432920315,4.070513221932392,4.06567795850906,4.074892796158553,4.07567844054989,4.062826393515725,4.0622351800011085,4.072674056325255,4.070113941112809,4.076226116115907,4.074445856282453,4.075536729612491,4.068595809293467,4.074895315593269,4.0730820358002875,4.068412171614284,4.075244880167986,4.073610485492473,4.07734579309594,4.0702821217757394,4.073560354338676,4.065166580550259,4.082878249637908,4.068480306627759,4.069147312284053,4.075626021632652,4.068432939543782,4.074321558191592,4.0737447720914055,4.068386116046091,4.076485387762602,4.060615719419979,4.074556284456703,4.075209168747907,4.07411910988987,4.072033668386741,4.07908244391796,4.078282922105371,4.072563906196673,4.063584324254289,4.069635581511079
40,4.0725,4.073930012874403,4.0680893867843455,4.064786598262626,4.065596439352309,4.077407865246361,4.072386593557021,4.069431660593423,4.070250487797659,4.075217513929157,4.07881951785312,4.072401361753774,4.070655749485603,4.075827347172349,4.0747501397168975,4.071416360612379,4.079740893545194,4.0641702729049625,4.0677460004846875,4.074802678360392,4.067098117774743,4.074007053365508,4.081771938169717,4.07058192739573,4.077291805928362,4.071860172314789,4.066514420956849,4.0683070858726404,4.080925780351015,4.068261021202281,4.072630271176967,4.061264020769541,4.072428439403853,4.066857711352618,4.074382148533389,4.075767313514547,4.073340848199301,4.079069197046688,4.072206729854406,4.067241721315817,4.075035247451639,4.075487630837413,4.076397970780036,4.069911225562265,4.071125057410917,4.075121710503312,4.079135623465501,4.071156792343771,4.070771567310242,4.071491250488302,4.078247290632135,4.068454363134407,4.078605910491997,4.081187468394485,4.072680557089541,4.073705800330015,4.069346487637147,4.067166297814564,4.067320544512097,4.06780734026772,4.0616826895868074,4.072699810467127,4.0700763342377835,4.078191633949118,4.075424250829391
41,6.7875,6.787041371988002,6.791491018277208,6.789648196031053,6.794089510765321,6.787178561676191,6.786425810742724,6.789350538822712,6.786324910851154,6.794466567357251,6.793619988548649,6.786246929999489,6.780966480272307,6.7896362720159935,6.786798958171713,6.78843566910018,6.789704760188941,6.784768615628868,6.794406342114569,6.783839170076981,6.789794341017408,6.786606146276327,6.7815214754697575,6.78159004875011,6.783846609175376,6.786211272397289,6.786905422709894,6.7745893772785815,6.78939509644056,6.778485094309694,6.787381923157247,6.78636080714479,6.777953552860506,6.786405045329323,6.798302848495351,6.790256864907789,6.784827106943302,6.793035108406984,6.7852717831078095,6.7829707840215825,6.781537393304549,6.785468715916416,6.7844709556584855,6.7829570925621026,6.78723308694714,6.7840520718938455,6.784042383416576,6.781063264062737,6.776850709351113,6.789465278180314,6.788829941555643,6.7936932406081825,6.789115557298571,6.783481121401856,6.785654815330435,6.790192726481309,6.787040483580706,6.794792945098266,6.787748425522494,6.78689208591611,6.794777778009566,6.795372656263637,6.792633643178298,6.793655212212606,6.785594149154521
42,5.43,5.4297380677414395,5.424649122426766,5.420653331791644,5.428310361297873,5.438536469915152,5.43236621818021,5.427939320507882,5.430587356474321,5.425559535253636,5.419310788862189,5.430363777911963,5.431707024232143,5.428416764760107,5.4263159030817265,5.4355591112941894,5.422422571742137,5.423025205955219,5.431832290695364,5.437236205133432,5.434811266846614,5.433954088459586,5.429484350213534,5.424485080629351,5.42790569246617,5.431495026131871,5.425832163169244,5.428573837192917,5.430403394457888,5.43378851638991,5.42608100583967,5.426936276786652,5.429090801362622,5.425227029425211,5.429557202323261,5.432647080215627,5.426995202571822,5.429692876159271,5.432751306678223,5.423881600543357,5.435788604304098,5.4367725331975825,5.43276901851285,5.432463738931288,5.428920615230429,5.426887514569894,5.435882286496453,5.4262155857391035,5.42836706673968,5.4292458525628495,5.421043298610544,5.4304389650905485,5.432414110848983,5.430521735493786,5.432869008825282,5.418636728775405,5.433618456487538,5.426363476543409,5.4284224572647055,5.421612407556531,5.433841994221493,5.441281954675382,5.4202023563767865,5.426668890789703,5.427313035532229
43,5.43,5.434844578402215,5.431852783218963,5.419096981167971,5.429609672297368,5.435906119531007,5.425477093124836,5.4263847299542824,5.433402886516169,5.4367444188893534,5.433035236473075,5.43569736210238,5.432131210661884,5.432638900767229,5.432926745624512,5.426249275300964,5.439137538409552,5.436007886896116,5.424563088221957,5.430101322427765,5.425503452672497,5.4271712555615235,5.443971297500727,5.434513386597853,5.432485558162018,5.4248218616787085,5.427133116027164,5.431474342948448,5.438983190386287,5.419159199104534,5.421643657492698,5.421464816596955,5.435030469992388,5.436406144415014,5.427814347386246,5.425112366739335,5.43346684693508,5.431662707293688,5.431377324806397,5.427909907213642,5.433986103437197,5.43172022392412,5.437959633556838,5.429327652494084,5.429698255170527,5.429432450428705,5.438114294558796,5.428929997613393,5.438102204380055,5.426991067077683,5.436133721104308,5.421825733702475,5.4301866362868045,5.432186167363722,5.428384368191301,5.429445664718024,5.428422065423855,5.428418033635324,5.423423625987026,5.432573441765752,5.423692465044187,5.4268587880844015,5.433505809876699,5.427760835237728,5.432783483934208
44,5.43,5.43080407114892,5.433506297285765,5.426291676374409,5.430346330345126,5.43050110093711,5.425798724215648,5.433233489805923,5.4362085288865405,5.430349245752859,5.4275474689262095,5.431671068565224,5.434801779585018,5.4267602725477,5.428423227146697,5.433926968444534,5.426075163017539,5.437657701564031,5.434539023740051,5.430700887624332,5.438928185258761,5.429654748209727,5.430684493921531,5.4317572294706045,5.4211054851902265,5.427175467509175,5.4355630178218926,5.418783672809238,5.430311551517569,5.4276812193384,5.427228337048672,5.428775616823757,5.42708366588394,5.432727879879421,5.433577010837422,5.4241555140003275,5.430765039733577,5.428674368213815,5.432402826524473,5.42665146965462,5.427300904487113,5.432202080417393,5.428357653661818,5.431327509689543,5.427822774572928,5.428052499762565,5.4226540165545085,5.424382814741771,5.431738749844856,5.4263297596939255,5.42694130334973,5.430036097192941,5.427363102286642,5.423834741052878,5.42604418879899,5.431946748243264,5.433305607438955,5.4336646483959266,5.425329174705322,5.428547456580091,5.438436125531575,5.439981228058701,5.431631722916375,5.433335478585133,5.428035336792864
45,6.7875,6.78077535711989,6.78176791218119,6.779197536809942,6.788565835279895,6.793169338228185,6.77957680027619,6.78570487494519,6.790083517211967,6.779437399589249,6.787556322485721,6.78569248756404,6.78541531225468,6.787172300425458,6.791396776786294,6.785402125647461,6.786104646332977,6.790757193534901,6.78514619859759,6.794425758418163,6.79013776529902,6.787665000959872,6.787872834464326,6.786472727314752,6.780114605804036,6.782954182434907,6.78839397486355,6.779487778889911,6.787478672115363,6.788031825401963,6.786862625697297,6.787471639547557,6.7884298601637365,6.787472421611427,6.788233524811808,6.785078176212719,6.784478541438966,6.790236138147209,6.788488729371825,6.787041401412304,6.797273190031675,6.797318530606495,6.793690390239424,6.784793643582197,6.78371283231862,6.791113093157871,6.791929840292945,6.781991552470706,6.788888448469355,6.7886908243678326,6.782609614195883,6.783004230498541,6.795424379562944,6.7893195735831915,6.789639800996251,6.77660358596882,6.789647197010136,6.792117467428283,6.784773564523549,6.779549178953508,6.789211516680684,6.793326055722538,6.785214249801848,6.790599492192431,6.786450526856098
46,6.7875,6.790736681182079,6.795204973528116,6.778084657721041,6.7908501346286805,6.792861606034726,6.78900073815276,6.7860039240213315,6.789385148649101,6.804396852640694,6.779589278857085,6.794932707895424,6.785982592291985,6.78936019115364,6.775420465011295,6.788641833609647,6.788891481927021,6.779653530343986,6.7896995631246435,6.78598752984266,6.787888102059812,6.7841568898990285,6.800589124636528,6.785702099723063,6.781462738385164,6.783490983995287,6.787461303709668,6.78562556047458,6.793883526312063,6.775730977814569,6.781857427062149,6.780803451517528,6.788742851361861,6.78547965601048,6.796166647256708,6.787158590093663,6.786555844432381,6.792956149556562,6.787632525590536,6.781643443767305,6.781338871899504,6.7934713849910375,6.795295132067174,6.789717401383723,6.7914907137371445,6.785601083904972,6.792924178708027,6.7854443717161805,6.789334386854444,6.782622936483674,6.782251210888444,6.789080305649511,6.78190624024352,6.787259545051897,6.783573256599168,6.787824138439683,6.789085389450589,6.786084757908953,6.778951658127004,6.789856503681749,6.786955646877066,6.792248960211548,6.783116641381951,6.78228359719602,6.787056498124339
47,6.7875,6.7967477344748195,6.785991671416792,6.780553328854439,6.780426386411084,6.791297271806067,6.788456724558672,6.789689366079233,6.792799064455746,6.7807307488008295,6.785153851981765,6.790123701488317,6.800040166462167,6.783327840244735,6.792797586720868,6.795219115484683,6.785486411421366,6.798501232819524,6.788556638791873,6.789856646305375,6.794196715370503,6.7915759125092965,6.788350120220748,6.7914303639324,6.790817898781502,6.789677329146456,6.784948574996625,6.786021748979476,6.791388260149854,6.789307859693354,6.779575788421768,6.781068241024654,6.786597900714445,6.792735623229906,6.779025256969678,6.782028584682612,6.793288092273507,6.77997465525552,6.791242679266012,6.781305439165372,6.789769031535085,6.782151775182523,6.7823719228155275,6.791378269749439,6.783221089158802,6.77928566183768,6.78488942417253,6.784128685326413,6.7930431930561355,6.78444124668779,6.790763378891948,6.783177719446766,6.785134695075935,6.782743429645287,6.786058120897965,6.788445003611911,6.788930547851212,6.7836782597967,6.786536503512887,6.786126597375072,6.792311609309011,6.795893001481449,6.7898463182955116,6.786700863804344,6.787347052612705
