,0,1,2,3,4,5,6,7,8,9,10,11,12,13,14,15,16,17,18,19,20,21,22,23,24,25,26,27,28,29,30,31,32,33,34,35,36,37,38,39,40,41,42,43,44,45,46,47,48,49,50,51,52,53,54,55,56,57,58,59,60,61,62,63,64,65,66,67,68,69,70,71,72,73,74,75,76,77,78,79,80,81,82,83,84,85,86,87,88,89,90,91,92,93,94,95,96,97,98,99
0,0.0,0.01624345363663242,-0.004167578474054706,0.017886284734303187,0.0005056170714293956,0.004412274868850414,-0.0031178367348751665,0.016905257038003562,0.0009120471661981977,1.1085547122109733e-05,0.01331586504129518,0.017494547413051793,0.004729858314899789,-0.00712390662050588,0.01551339111253063,-0.0031232848154354445,0.0012794872113393596,0.0027626589002131873,0.0007942844380620406,0.0022100326268214895,-0.0005196424950553218,-0.000919499198651913,0.006669880563534684,0.013292121726491864,0.0022827308966608443,0.001959932116599383,0.012856054152322811,0.004463323778700458,-0.00417482126304553,-0.012640526647764024,-0.004147572142515903,-0.0034889445098942513,-0.0031885350510813034,0.002438351006277329,-0.018897367100878536,0.006764132657544725,-0.0005446361233749772,0.010087056481167398,0.014048395660218949,-0.006075476972112264,-0.002707123230673205,0.004967141530112327,0.0025739992534469336,-0.007506147172558728,0.0002637477284956185,0.005848758398705177,-0.008480094757661401,-0.00993631319928452,-0.010431590782065956,-0.015603521086836528,-0.0029050317334863222,0.005194758406141622,0.0020586486685062783,-0.01852210744612908,-0.016237311146339944,-0.010376431755025745,-0.0013105215734690507,-0.0076018614617452684,-0.016692835213947238,-0.009217709932130887,-0.004314955515598111,-0.00012325426303703133,-0.021389786535180946,0.011003229392316854,-0.008336648231326843,0.014156143640642714,0.01128522152220211,-0.009444763643716589,0.009155070985480957,0.008509974083019053,-0.00430603149729789,0.003185454990658182,0.005768130513099409,0.006083454938077401,-0.007095021339760793,0.009403013107188897,0.002244448520755556,0.0012204613722462034,-0.033163588207700836,0.018998529361481085,-0.013599003422186878,0.008406504027560326,0.008493128860369984,-0.0013161220197558962,0.001768507210788626,-0.0059628571896730344,0.0037237552085314036,0.001068843041517663,-0.016937300265470977,-0.002244866681993267,-0.006061210177347621,0.0023029924178229718,0.016301980803437865,0.007434532155133557,-0.006642888995524731,0.0006984777476599699,-0.017511877512920018,0.004737170812657415,-0.0014235884270194816,-0.017497654730546975
1,0.0,-0.006117564136500754,-0.0005626682722632948,0.004365098505119894,0.0049995133323782895,-0.0033087015189408766,0.007290039236125041,-0.004659373705408328,0.010912827332721104,-0.0028954406925019885,0.007152789743984055,-0.0028607299681629415,-0.006814258794394451,0.00753766378659703,0.0007918602460882155,0.003392847060461844,-0.015284734588258844,-0.018546280788065053,0.021902023574142216,-0.0034046500897838058,-0.0011119605035442468,-0.014633506528116793,0.00025813081066273824,-0.00770033452004849,0.010268903031630024,-0.019412364002760852,-0.003035533773061507,0.016691200510079735,0.007060320961528458,0.015279053516384396,-0.003333686686674932,0.009837034333517989,-0.016029805557604186,-0.007473181815389045,-0.004135921815352581,0.015210991859339183,0.006743080663534921,-0.0032312335207581293,0.002211210412399543,-0.0012613641460642458,0.0010484805260974007,-0.0013826430117118466,-0.00908481432780661,0.013163573247118195,0.0026032170142265077,0.012311957404405667,0.013059063579489804,-0.010634008054805225,-0.008208556912152042,-0.00030977603473707687,0.0011212804706227592,-0.012687503807549025,0.011667617091780862,-0.010809989915526839,-0.0010178393227075644,0.005936581571570304,-0.002006461025675247,-0.02101584010846041,0.005632174947193401,-0.005863176341977663,0.004393755466478433,-0.005275810106604252,0.011120612370995469,-0.019826274165738574,-0.005421208818722799,-0.0108528639907514,0.0014419228423109402,0.0019994361851892557,-0.006035419727279881,0.0017775492450045013,-0.011939280855239263,-0.006795594345054096,0.021311087964685328,-0.006366734080375568,0.001126940137208737,-0.005576304493866598,0.006615314728168009,-0.0030471826662587694,0.000693882891717933,0.00208802953306585,-0.012354018437626818,-0.013571471559517155,-0.01122747217041761,-0.004604470629118058,0.023777541249700575,-0.006054184074525439,0.0012791554459927136,0.022058152421399916,-2.1213329564762845e-05,-0.002275239395299591,-0.010599397536180609,0.0030794754988457697,0.011007358938830003,0.01521183360234921,-0.00582430826028712,-0.0004866512945565215,-0.004295983540489621,0.016376034399437477,0.02057221737581495,0.0034268040332750215
2,0.0,-0.005281717522634557,-0.02136196095668454,0.0009649746807200863,-0.00995908931106865,0.0243077118700778,0.00217820788076002,0.000328201636785844,-0.019469703090225464,-0.011160663030644143,-0.015454002921112682,-0.004845651322211443,0.0024243949669047796,-0.00044503078338053455,0.001739765284561698,-0.0015590853388271337,-0.00594467980004639,0.006239011113263563,-0.001348921466082706,-0.00577748541980522,0.010417967990841295,0.010817916791983248,-0.007776194131918179,-0.0031628035962142976,-0.00839584848965181,0.007137854794255565,0.006190756618694475,-0.002642799618237778,0.019159847025249713,-0.009707109380088593,0.0008109198556483054,0.005809228307171408,-0.015352178709022035,-0.015611769945848735,-0.007660260082877793,-0.005118762450490144,0.0034664702595843325,0.0012774641529117437,-0.0014532730653059659,-0.006846063587046353,0.0025052781572357198,0.006476885381006925,-0.0037850310605882327,0.012461400286434304,-0.003951455415177931,0.00821900264001187,0.009242079662180337,-0.006380759157649561,0.006651458545133337,-0.00620928423880468,0.012507951228040819,0.0024042002619621035,-0.020726397785743558,0.0007856382551083279,-0.01809791098294546,0.011026806221684919,-0.016901228899453273,-0.008097566845768907,0.004203834321010078,0.01163999144628607,-1.261818837753155e-05,-0.002875911966677515,0.00035801552610257746,-0.01150249513146396,-0.008601733880417186,-0.006163080366263387,-0.011152586003599587,-0.015403534243917397,0.011622951672082184,-0.008530397115120379,-0.004442989935983185,-0.022083884694964723,0.024402196678029574,-0.00408877178874744,0.004770224891816936,-0.010595363551689201,-0.0057975763936751554,0.005779753861181166,-0.01190504678096009,0.008952110354814467,0.0005992863794992378,0.012869365098752146,0.011430846926609412,0.006629620641253437,0.009987328570537342,0.004567776402807924,0.0052721226092271025,0.009565626934106146,-0.004258918402213212,-0.005913989309642067,-0.005509196731060594,-0.007363292567459565,0.020622301227945394,-0.0070685672314772865,0.003395794850282506,-0.00659746210148583,-0.007463891885772704,0.009985419802879026,0.002832619411060342,0.01153035802563644
3,1.3575,1.3467703137784381,1.3739027080840498,1.338865072966355,1.364435985082913,1.354979078703969,1.3485090820345285,1.361575162829965,1.3436365046776306,1.357371172432542,1.3574161615007148,1.3309668144073852,1.3404926436596165,1.3620181233874578,1.356776634338338,1.3524821032670225,1.3581633037374592,1.3689531128957209,1.3591051798245486,1.3534596844494577,1.3449326070593501,1.3551067483180241,1.3669863382249494,1.3475918961335904,1.3515881848209934,1.3641214814852176,1.3614599854914378,1.3478216507062621,1.3360824450427,1.3622055961588642,1.3495897304757567,1.3582028444085745,1.3517959910517512,1.3528574687821053,1.348258733333445,1.369001946353776,1.34449653829046,1.3602977291217986,1.3587319916869047,1.3667871474859346,1.3482480003472193,1.3727302985640801,1.3521508440122443,1.341450842587414,1.3554569909496172,1.3495077164280354,1.3639041180123308,1.3681158868899097,1.3757262686298932,1.3428541951479838,1.3438911002887786,1.3494604256820202,1.3511731282692365,1.343958644087294,1.3601265384030166,1.3523782226882441,1.3495558152358949,1.3574248274080938,1.3414864088958462,1.3450827604013385,1.3681112284332264,1.3687340038220033,1.351198422581943,1.3794291636271239,1.352482034823257,1.3499308382361284,1.3698104653918306,1.3658804177215813,1.3514859986380212,1.3530610032207393,1.3623941220896971,1.3634024016275756,1.3601332687264998,1.3660253228862123,1.376859811243436,1.3517836000758354,1.3615781132360332,1.363252550242729,1.3575265548020694,1.3456927084363683,1.3409535772351204,1.3632347538739238,1.3642497598564933,1.3442035175464064,1.3443984920302015,1.3512678007879646,1.3537922709848924,1.3581841110053838,1.3549440953574228,1.3495077234590076,1.3547431372777048,1.3312700176594345,1.362140160122154,1.3750277759021525,1.363492887125329,1.3610736923125273,1.3675684763832343,1.350425931250966,1.3707981197825654,1.354975639634786
4,1.3575,1.3661540762932467,1.3395656441480512,1.354726117974856,1.3533169847997308,1.3585960984157817,1.3326321934837213,1.3496107697137425,1.3345350842579784,1.3537163853579208,1.3637133597389048,1.3574171537062705,1.365031428339492,1.37095101708451,1.337456705998278,1.3598556889172602,1.3451450512675935,1.3678719046822787,1.3619269784320407,1.3514671057306287,1.3649538768149725,1.3525887086376156,1.364516717946475,1.3467918374437975,1.3479311170334798,1.3552113787895368,1.359734056477554,1.358091884252972,1.3646905689020485,1.3564930328352847,1.3553140032874784,1.3652753267648967,1.3553327169880411,1.3539793765596464,1.3432840216523243,1.3515928319336408,1.3726851187887477,1.3703873157831665,1.3635602697390572,1.3390559896594971,1.3631714366028589,1.3551584662527665,1.3660807334607161,1.342818563210201,1.3447836734528058,1.3616205323036905,1.3469526301707258,1.355925958486134,1.3430841658973798,1.3716194612178687,1.3584993288230856,1.3576734409962692,1.3674712644921805,1.3637614846015615,1.360099526779206,1.3548458014030254,1.3727800166311779,1.3404563923338588,1.3638233670240802,1.3376476977786882,1.3595336478300348,1.343277760248843,1.3575003540511603,1.338485649733965,1.3676336558716449,1.3609704772990052,1.3559534184377438,1.3614478599449595,1.3415251434170472,1.3554706203693825,1.352984428504377,1.3742476604377103,1.3425387935180795,1.3648753705059176,1.3620041457092986,1.3585809569721736,1.3621647936660104,1.3568921165018808,1.3520758732317393,1.3602353253959445,1.3577366870560734,1.363294501543191,1.3528517326609093,1.3520735641926882,1.3593018992116934,1.364435386472356,1.375004434472814,1.3681851381511636,1.354442211644409,1.369401095006597,1.3697225372684045,1.3555105385258908,1.3740206333793927,1.3356657947962352,1.3683854010573449,1.3588203993343229,1.3515887613310051,1.3470779269908262,1.3559537814895257,1.3673132078695123
5,1.3575,1.3344846130311971,1.3490825263434378,1.3539524102073102,1.3416542276488788,1.3733248111706156,1.3666325152123588,1.3575206557290593,1.3815983430334153,1.3526886463712309,1.350299144392811,1.354303686362357,1.3421527865979195,1.3628233788829454,1.3589467781319031,1.3398639474319578,1.351286313915373,1.376366389297816,1.363733914408616,1.3550614772139447,1.3403894623927233,1.347477279897051,1.3469891843609287,1.343112867201652,1.3552767430564017,1.3602175082598038,1.3569566058277138,1.372646199891809,1.3621707261559781,1.3605379318472612,1.3498680315661116,1.363319587452054,1.3600487430067676,1.3446850812315836,1.365552559881581,1.3498123474835382,1.3673982370553501,1.3737529631323175,1.3817277001449813,1.3528299757592288,1.3470981978391705,1.355158630430508,1.3533699001768527,1.3403492954202663,1.3315312136974298,1.3557384338578504,1.3754776071512544,1.3684372847868413,1.3598380803470969,1.3527326785652205,1.3570200889691126,1.361443938309805,1.3814455379509656,1.3648338755180056,1.353689136170799,1.3413299398649219,1.379864054064307,1.3633140397605372,1.3455793281761177,1.370567089062672,1.36415572744766,1.3664402558795292,1.3454104258024921,1.353161033054481,1.364939029129285,1.3730649110352604,1.3515161289874964,1.359324845248246,1.3614772611911297,1.3685051556991201,1.3633569595955979,1.340840440268557,1.3571326469225469,1.3515320116669722,1.345611526415705,1.3557567599142966,1.3377529090022962,1.3625526193629367,1.3672249626747346,1.363528672438848,1.3571593046898127,1.3572237816874497,1.3681177198117187,1.3501712847476408,1.3398524598063215,1.3459789243426938,1.3612902089063554,1.3674718264159393,1.35790549684035,1.3438410513452221,1.3484414101365165,1.3354781264266302,1.3600922487452698,1.3475027663089467,1.3584717839986964,1.3488158145819586,1.346226709717026,1.35744186559071,1.3568096914086991,1.3626421884139437
6,2.715,2.7324481176421647,2.7200288141715805,2.7141725851851755,2.708522932328781,2.7059076759514373,2.7262706372597183,2.7149910961414205,2.732278361685799,2.699826688212043,2.717655115856921,2.7096337063776526,2.7150512707813226,2.7285018789972253,2.699988313777029,2.704041379560553,2.706110522009389,2.7138830170987123,2.7250890348610435,2.725353437375168,2.7129413561827573,2.7241882150299856,2.711324518838828,2.720644168515196,2.708800848924013,2.7147093104955213,2.713207236738872,2.718368704439473,2.7226672253185056,2.6977403757160463,2.7072287975529483,2.7297179052675054,2.713505500629281,2.7178929923983626,2.7264886176098884,2.711649908339497,2.717776808971363,2.710308095984112,2.695833914593734,2.7379249034315154,2.7134632404854204,2.7307921281550738,2.7199818858448728,2.733587836915125,2.717896809118505,2.7142682803036364,2.7048721324951224,2.6942514598145446,2.718396193339525,2.7071953078610336,2.711437703097462,2.727791322640528,2.7095876632732514,2.700290214444308,2.7149771013717774,2.7122848551142043,2.6888848805081915,2.7053085593985626,2.7026495094489764,2.722378070591216,2.704563847758817,2.699732012823079,2.717916280747862,2.7036441813429595,2.6990690498535232,2.6854365143758496,2.7184899213818836,2.719045589738934,2.7270586542487623,2.68464863848189,2.7267731981903993,2.706756612626499,2.719306957861183,2.724536525256219,2.721136309479234,2.7132344032075197,2.717755480127569,2.7098244058116454,2.7212091582845996,2.7083863256797676,2.70306141884893,2.7111844716938984,2.7292993841108677,2.7046668988377465,2.70056874131243,2.6991758063297424,2.7168706374765725,2.705684520845474,2.7143164557216473,2.7222095589734736,2.715693521718801,2.7219289850141406,2.7103683593406886,2.7049038769744294,2.7135766681099605,2.7097984708055876,2.708180679754018,2.700063115232377,2.722551804850779,2.717211796692214
7,2.715,2.707387930991049,2.7025471191339276,2.7087299932317612,2.720985751739674,2.709083633420697,2.6998590677136978,2.6974527569365456,2.737045562845561,2.7100912801877826,2.7160854852571497,2.7181540266842568,2.713797723298438,2.723612113741693,2.7171110945095105,2.7041223425852206,2.7199890985554265,2.711378986616009,2.718942487905787,2.7208075341108584,2.7126542870879278,2.7039636789887673,2.7036254030927496,2.717957218876223,2.733379045780479,2.6974041789039593,2.717428319725414,2.711976312980322,2.7238200944507396,2.730850953690155,2.733493565226736,2.7316318100888717,2.7351078257360726,2.7248002850482433,2.726694283973196,2.7159299944353448,2.7105141064570493,2.7025059969918837,2.690774729098999,2.7198881005439555,2.722898518103468,2.722674347291529,2.7351019924757196,2.715875879762658,2.7062669535618777,2.709343336105677,2.723236233243421,2.722006330088098,2.717312137129274,2.7257026773514634,2.7041144091301828,2.721597363743815,2.722527054205033,2.698245804482479,2.7184161517982877,2.7244555425003165,2.722660093907233,2.7001909889654323,2.7327230262574638,2.718791112816051,2.702160889117328,2.717404082039422,2.698493448528027,2.704667049298816,2.7158775184031985,2.7285908068073708,2.727205896539699,2.7196154203832066,2.7255629910869748,2.7108543854866243,2.705349909442677,2.7204526034223706,2.6997052566948048,2.7276166632131673,2.7132185822560286,2.716900368814075,2.699241948274752,2.72176447659429,2.7205015673580233,2.7045638926103153,2.6939813492167746,2.711912180375171,2.7083461646273737,2.71271481055035,2.7010071444265993,2.7330185074826425,2.721803735942405,2.7223043049262947,2.7029777589955915,2.701744382475127,2.7367865565649416,2.7140721937596166,2.7003601753421766,2.71531043677356,2.732817477691611,2.715805676245393,2.7052493924372762,2.699200667660406,2.723256466485126,2.704299566694317
8,0.0,0.0031903909605709856,-0.010579522188623389,-0.0004381816897592824,0.0033225003260996437,0.0018760322583703548,0.01639291082937691,0.010176580056634932,0.00794827639348401,-0.002406805785026728,4.291430934033236e-05,0.004210507162554784,-0.008069818785729514,0.014786857374358966,-0.005582050553760761,-0.0030517005215449284,-0.007868971019808905,0.0014867504504524392,-0.003363867032016092,0.0025241373645007014,0.011281440438104338,0.006264934563160779,-0.013221475225908594,-0.01626404233310685,-0.020532307563679072,-0.007942805514642664,0.00821056548001923,-0.00838641803575626,0.008087506593179488,0.0013429659312761066,-0.0070560031084607715,-0.002611771213271988,-0.0009678415830991538,0.004779242223890763,-0.008020092835653784,-0.013775531120120843,0.009619662435239706,-0.0026042523821789643,0.006462942175522528,0.007102669906606637,-0.012262158464418542,-0.004694743859349522,0.012628615445176544,-0.0005232219642473413,0.003940726565612827,-0.0009346524279000459,-0.002946503533511206,0.01674638632169539,-9.925822624513319e-05,-0.01282292595889517,-0.0035101769855829363,-0.004553808761402322,-0.02150351794064295,0.0058302756469105,0.008975722457121377,-0.00626992786685435,0.01746168007938512,-0.005233425463282564,-0.0112232182563949,9.892008639261706e-06,-0.00041533893205708696,-0.006420928378947944,-0.015071290913823985,-0.023719586220765344,0.0003322693512172962,0.006483467919124405,-0.008287099146271511,0.0003503316747088508,0.008525439091183137,-0.013430878376506241,0.0021827790544357182,1.1861931811615537e-05,-0.007302596754941805,-0.006246977138656639,0.01346521432996741,-0.012150416444423249,0.015683969074549803,-0.000181550264581513,0.008551661132309736,-0.005811489726946344,0.0036838187892961295,0.013877560466383526,-0.009845039144559456,-0.00041761556453621214,0.008203539992532281,-0.0004329378173578701,-0.012245104694761446,-0.0017121369181646695,-0.0018253336897878986,0.018569316481033233,0.0014731691072301359,0.007779198683748089,-0.003053293795980177,-5.021742175723634e-05,0.005881203285295816,-0.01202208148639491,0.006754444427043617,-0.0061793051263771236,-0.0011306920970132295,-0.0018949583082317535
9,4.0725,4.070006296245226,4.063409923850731,4.067727819696405,4.061025233670545,4.069201300422206,4.068201063969936,4.078504985159196,4.082264210964009,4.066020525397784,4.07075399789407,4.061843970195511,4.101218193949889,4.062046228694615,4.083345290648838,4.067762516280438,4.073687435637649,4.068122168474853,4.066040935371846,4.057874540470233,4.072373740483721,4.066884862194363,4.090222582783074,4.07469565198748,4.081185830515046,4.078726224986247,4.084670536584353,4.06732268748969,4.0630283515273975,4.061431445333581,4.071639579664311,4.065613231870969,4.076722016604815,4.077008181332524,4.07972477640997,4.074779169662588,4.064224213607937,4.071024495971533,4.07451500636726,4.083055344432242,4.0630199301228656,4.07792560043586,4.068107851431323,4.078054716366546,4.0818510554388485,4.081073010829735,4.066575294284882,4.068526658892421,4.0905384778505445,4.059225210989718,4.098383999536445,4.087157890264579,4.069445594638002,4.065725389370203,4.0688889988574415,4.069840527180564,4.0556086074944995,4.08517064598936,4.0505533178406425,4.061449651812542,4.061020226707796,4.088422022907976,4.075152818338644,4.079533380865121,4.0568049961380135,4.075360287438445,4.061389405043123,4.077090229807596,4.079393914144775,4.064768260955935,4.063838563192743,4.064929694777343,4.083013152363183,4.075896892388037,4.0841114987523,4.087048176669133,4.065252049770073,4.066003679273894,4.0781386919035185,4.06893647000167,4.087454004808004,4.089664994153297,4.062103429931553,4.05385640056347,4.085452993197746,4.084135290064574,4.0848012956557,4.059613088197467,4.063704239309125,4.084971803372874,4.077672571290694,4.07747538256811,4.083664921491333,4.077091655792268,4.072607327259154,4.062531349085131,4.0699240200532545,4.070094967434015,4.048821624052719,4.075050014442733
10,4.0725,4.0871210793704496,4.078014540445464,4.0593613524663725,4.078686696890268,4.060572353875782,4.098812805572638,4.066245710260332,4.060665728526669,4.078858910802468,4.076830261899536,4.063637603300445,4.066521770805936,4.064610109750484,4.07063710875976,4.070494054614774,4.064931368644669,4.094212569975066,4.080554577050397,4.057016586774855,4.066367997130868,4.0727885511832005,4.069025410089782,4.07928804799025,4.063292655604295,4.074093403001502,4.078094486602732,4.0750350786379705,4.0712096156596,4.088282255491579,4.075379333012283,4.065550767376487,4.07024538436599,4.080024434495066,4.073029870362327,4.066598353703432,4.07784657065334,4.067698173748934,4.070932868176181,4.0730407310034575,4.066803460580699,4.067865823071875,4.069035621070113,4.0628659630585044,4.07234315292444,4.063877767137894,4.058562729413002,4.095737969460865,4.086178439862336,4.073763376395874,4.0674434920885245,4.068310732744622,4.068481040107725,4.079275551884718,4.089064453793181,4.079372935751891,4.069838115213578,4.074224129428064,4.067375271888491,4.063066928229702,4.071241570440463,4.073537273542215,4.071485971662513,4.0763484212459336,4.074310709912688,4.102069157629373,4.067257095385021,4.078649216593347,4.070252629377138,4.05574793066473,4.069269944693217,4.0787954519185785,4.088697926691515,4.071804448190078,4.074508060913777,4.075808929523428,4.075558897173036,4.078806284784358,4.072261846556992,4.0754407381293225,4.07532678623675,4.083043780521076,4.066717682582155,4.077430992133494,4.081921974218807,4.079073204563369,4.067663987711804,4.083114359364332,4.070067522276791,4.0589574163559945,4.0595602054856466,4.080755712601199,4.0917491588837756,4.071568729761273,4.107056164209742,4.053196500249463,4.069608545215161,4.060633564756704,4.0708295056739345,4.067919730144974
11,1.3575,1.3368985929050234,1.3804220801281495,1.3663462238049957,1.3566201307165973,1.3554512348941241,1.3635182224995586,1.3557845173880427,1.3766636361053548,1.3749011730528518,1.3695303737381221,1.352742665073166,1.3622245699353575,1.3448839405468092,1.3576466137479692,1.3610519677301463,1.362433669087719,1.3690231025062365,1.3616644283847383,1.360152727284548,1.371236884997604,1.3551923281229459,1.3642014016289714,1.3763927273141527,1.3551768813638942,1.3443569647491407,1.3612674294398892,1.332652960139612,1.3511913956105397,1.3585749794279303,1.3561861347850919,1.376904234595994,1.351120569067882,1.3523942820636976,1.345684798405962,1.3445306010940938,1.3697838618878886,1.3404157468193112,1.365220457639045,1.3600795341634195,1.3477284978530222,1.3528427024642973,1.3620531965955724,1.3556967853451978,1.3600959596625333,1.357664810995406,1.3685417967172455,1.3475029937012453,1.3548863783536274,1.3661219371545419,1.3516569079191592,1.3721630590396978,1.3513796735870687,1.3593552944679148,1.345609907960204,1.3779845690863786,1.3430108025589491,1.3452284362276183,1.353771005204664,1.3502962957251117,1.367701485542395,1.3618178141176656,1.3488460910605071,1.375004858048411,1.3467229006619668,1.3684270984220357,1.3465657772758537,1.357597785988269,1.3522781783230622,1.3655527769364997,1.3716291914767191,1.3565436823447716,1.3414498663032468,1.3684168803169028,1.3625981573845911,1.3541446801299641,1.3691394215801185,1.359750569580023,1.3721020613811081,1.3395302936233788,1.3415070825643098,1.3518666023038557,1.3584447163940838,1.3785186254033686,1.3551806771205666,1.352707654005503,1.3463507823156289,1.3570949871736449,1.3642403073971203,1.350095265291407,1.3469511240244365,1.3523658042819597,1.354964910006325,1.359688410931793,1.3459527066157102,1.3585395257798634,1.3540479346323921,1.339942688332116,1.3643539796751272,1.3618516348812288
12,2.715,2.711775827959865,2.715415393929984,2.7238131804220753,2.71925072396487,2.7114117105299873,2.7116411838505776,2.7200529937419673,2.7037667319944885,2.717966822177114,2.705349343294832,2.721896823102014,2.7259595611800855,2.7206284678528103,2.704244305305633,2.721895177232276,2.706605956867737,2.6968118766069717,2.7207461974881957,2.7149910379174242,2.7311099197643833,2.7208775221450874,2.718222715203493,2.724615383986783,2.7365295689775553,2.72456256541743,2.7093886082384153,2.7084858013189534,2.700615771639237,2.707359521733207,2.7051725584751787,2.733054151903928,2.7148371369630424,2.7079424786288,2.708238488406238,2.6990194120623183,2.720195923334228,2.7260188293513092,2.7014239007919723,2.720882816497032,2.707293682888164,2.7174196227156604,2.6983133729298636,2.7031659084389044,2.7002668575890976,2.730651110893269,2.7056765971410037,2.7094085323740766,2.710523941518133,2.7219673696390974,2.7022690062422594,2.7171678252258817,2.7137659119971245,2.703431654802462,2.7316642852892294,2.7103844104818666,2.705617346882192,2.7078916975549037,2.714342352066768,2.7378128940050463,2.725296207035291,2.7146232580750342,2.7221867686559795,2.7030493074253665,2.7350836160802237,2.7267083838459683,2.698646647473384,2.7196036060591355,2.706599283703259,2.7100508581532017,2.707873491068164,2.699921393503044,2.7183100953184067,2.7119836981332637,2.707358316128297,2.717677642233424,2.70450904610278,2.7062343180740336,2.721905172697791,2.7111050983924616,2.7133633181688572,2.719461657619162,2.7261757541943754,2.7033196024852093,2.7086860203339542,2.721169768243528,2.729274188094342,2.7059627858615185,2.7184494632059972,2.7173407542652575,2.719647687397733,2.69727939712746,2.7286478689934195,2.707757091811596,2.716911238807927,2.7070614498969374,2.698149011670222,2.7132785002192183,2.715235001084849,2.7091640494967733
13,0.0,-0.0038405435466841564,-0.011179254451135169,0.017095730636529485,0.0033225314537233537,0.006034716026094954,0.012377378432256468,-0.00261356415191647,-0.006640354695841054,0.007075036618518883,0.01028274077982704,0.005611921760332811,-0.012151688010922146,-0.0024332625188556254,0.006422520742168762,0.004105896753688673,-0.010150218541284051,-0.0013804934084964166,-0.011016713326380543,-0.010159924014300327,-0.006892282712408866,0.007523175792427936,0.0006034293417048812,0.0010401119568373923,-0.013346614710503036,-0.007960907319780672,-0.010076836536127091,-0.017754691520095647,0.006522049459245455,-0.007751885093661547,-0.009187912867354615,0.004563138520576675,0.010442167783791647,-0.0042431725244606935,-0.0016622659102374113,-0.002974090121335637,-0.0006335481902385438,-0.0005008987692391544,0.007017173797660418,0.008852442386126442,-0.0003371129145348602,-0.01913280244657798,-0.008620854950098128,0.006054459206938656,0.008019265960762537,-0.004691200757089892,-0.009431564368372657,-0.02003435421657272,0.0056984230187346555,-0.0033456518489536867,0.0074678303972771,0.005077424938112053,-0.005281203973178844,-0.008195508243790742,-0.02003439257485536,0.006878474231684545,-0.0007550095889388166,0.009951689841737998,-0.009624658921509283,0.0003496726908747044,-0.0006732843978883627,0.0018886209954911066,0.010788540266308181,0.002951276814056378,-0.00201204159878171,0.014352202050058339,-0.016850210595190353,0.014015650203389246,0.011805831155367026,-0.005038845420841071,-0.013621911136162757,-0.005000130153267722,-0.002109523568364409,0.0015041176239650306,-0.0083837337882455,-0.00031386735316674076,-0.009765780063564019,0.008285231285777182,0.028014545375288774,0.004491409104297245,-0.011390589387770529,0.019993777525139575,-0.0037716860212437813,0.0041146356293615335,-0.006421770233773478,0.006790006533325378,-0.005348860480511087,-0.015541330296498583,-0.006252848420573858,-0.013622347570763116,0.0023410600545295916,-0.004420310821489058,0.016521997667435166,0.010598478269149048,-0.0006344524030979335,-0.004366218222137075,-0.007199035531270884,0.003585756187815423,0.004562012794911179,0.008168470716857789
14,2.715,2.7263376944233544,2.7203905832058077,2.7155003364217682,2.7034318373908084,2.698352114705283,2.7161112816676747,2.7125725092132744,2.7112164142963144,2.7332281576311823,2.7172863013012463,2.701944514902194,2.72842356371438,2.7241374070485964,2.7131966328867154,2.7093502156263654,2.7115748031502016,2.7203983961385765,2.705052431282057,2.7161198960629123,2.721919237106509,2.704414974455726,2.704565499982533,2.7101883468271897,2.7157637965046906,2.7057478668393227,2.727261832322829,2.7173428582702135,2.7248494560549092,2.7288384716545924,2.7269943449032636,2.7092518796010334,2.704151196713659,2.7126783787409967,2.71967435191451,2.7004844205121024,2.71465206642661,2.740419406547137,2.725533246600641,2.704829929757931,2.7046714075483385,2.6977508216748696,2.7199291084812374,2.70548349446578,2.697492476133285,2.711076992685696,2.7193660623169964,2.711339408828715,2.70490979975981,2.7050247393571447,2.709416538828715,2.7247307206321913,2.7241115052517366,2.705965345426082,2.710221272854265,2.725081226225653,2.7079824278984326,2.70185829641667,2.711579711177797,2.7082543132971413,2.7090025177773547,2.7179021923185016,2.7135819423736733,2.715483208849219,2.70780015582762,2.713190190809029,2.721923291877175,2.7109125162973715,2.701711591593408,2.7090378299451423,2.697940344640652,2.7321401027251047,2.7179817670078132,2.7282235304776914,2.7208442440337435,2.7192471943485113,2.708609492080551,2.735928463351631,2.7062519652427572,2.710261007441175,2.7328854509903646,2.717390059871112,2.704194335120851,2.7251674881023416,2.711183283990103,2.7058073789731045,2.70587873031936,2.705488671622969,2.7129354836740487,2.7151387541411234,2.7327886601842746,2.7279595052698666,2.6955383542935354,2.7251739526990524,2.7090799561892176,2.714028112742518,2.71882939081852,2.731901851399532,2.717704927820664,2.7217272080570964
15,4.0725,4.061501087326859,4.066538403001935,4.0684532258539905,4.076009971530825,4.0654982096231,4.073791512479035,4.057967585875092,4.064583847285037,4.076807690294989,4.076951376128303,4.061305247384004,4.071278502123317,4.0756735092273635,4.078703002533752,4.078493906901559,4.091344640083635,4.054747177128917,4.085955194817023,4.060580479476039,4.068018843974237,4.083059724138266,4.0624005812341215,4.081002285312282,4.060039107231552,4.0621802280706705,4.067195434883581,4.084893998588646,4.061055935963185,4.080103850849563,4.069086257586727,4.073641805034887,4.050440751728412,4.090651404762972,4.075837191091409,4.070501382079866,4.072955655470961,4.084596423446051,4.075199069220028,4.071163069687167,4.083924273766831,4.06687712470759,4.071256866038545,4.076108560597787,4.067549480685756,4.080666669991499,4.080449582700358,4.059937064751842,4.061210473964128,4.088489082938946,4.071391984407233,4.06893358388616,4.0518811129009045,4.0672081431567,4.086187985695202,4.070934910184261,4.0708936198161325,4.082369875283968,4.066326901820866,4.074681378223404,4.0749017932103895,4.061113997613447,4.0836263617804525,4.070787011476456,4.07763246930037,4.071939571991633,4.048614346338858,4.068225158744587,4.07125603254158,4.076244932581584,4.0780736600629695,4.060262327349387,4.061039264820282,4.069196964193082,4.0642902427858845,4.088735960595131,4.089474292315213,4.074800082977033,4.066526438420517,4.084138082166145,4.069655041043959,4.0825938867795815,4.073111164123834,4.0681953094465095,4.054865559960069,4.066976724477201,4.0633646119844,4.07450525886523,4.063784025809233,4.0855956421561785,4.081138766717259,4.06831630291242,4.086698574164086,4.065136887980766,4.057571385611806,4.068027847481597,4.067256637441173,4.0652341459409955,4.058149918561336,4.071455888566094
16,1.3575,1.3557757179244956,1.3573086950347883,1.3520464005238046,1.3514311271690258,1.3690139100948717,1.3582612761221533,1.3630458031189188,1.3660954810918036,1.3729272962548809,1.3461339778816894,1.364868373912295,1.3676251547697718,1.3587730328020697,1.3656097433461813,1.3558706369478886,1.3547908709061847,1.3706487653588035,1.3633186781343374,1.3730554389991432,1.3591234246679718,1.3649775026553428,1.361917363723822,1.3720342466640607,1.3695227230697709,1.3516566553602156,1.3547451691629107,1.350996657250544,1.3613683644743593,1.354643544861287,1.339913926889576,1.3726358076901508,1.3479878099477272,1.3365525063389203,1.3490034217860216,1.3519725437057915,1.3719802513167243,1.3768907519497746,1.347791457278887,1.3531181449866765,1.3514022199231253,1.3473716887966556,1.3768513628740033,1.3681061025610086,1.3474139919067687,1.3582637529220256,1.3646953315274823,1.3779091945300024,1.3680954460925356,1.3906407534551208,1.345626633654342,1.3496170538091254,1.3748409246686066,1.3537594593219067,1.360081685128569,1.3665007753037473,1.3552308258266597,1.3527641679420157,1.3525975478852001,1.3691688402183184,1.3354496708690884,1.3423922425491757,1.356924064049259,1.3524497297233908,1.3549390152950027,1.3556493799819493,1.3499558977416937,1.376715910178242,1.3525251860390928,1.3616315697301569,1.3567746949658077,1.371459050835586,1.3632536202359695,1.3577663502760324,1.3502702328037335,1.3571856897727606,1.3446388469896668,1.3644413985170838,1.3450113893198565,1.3452018786195992,1.358794110842422,1.3552861199599642,1.369874451389163,1.345498345206142,1.373616682126823,1.3665102809816143,1.3392093225867447,1.3500267102661783,1.3487989418562714,1.3683207547884662,1.3572494064076397,1.361943063481626,1.363390505641477,1.3578491397508838,1.3535603510215741,1.3637602389368144,1.373748205992512,1.3567806120986339,1.3663281714618476,1.3521871962314809
17,4.0725,4.063721415820786,4.084250012195002,4.05703522684417,4.087969793290157,4.091073310072313,4.070948718414414,4.073738809052871,4.070192110045144,4.063492788285833,4.073851368784486,4.088246340731042,4.063361308532941,4.094003829673811,4.080279358663975,4.0885021450243295,4.057982806615001,4.067765519529259,4.07787238712525,4.063167000789759,4.075072291341281,4.08314676588068,4.083788768534467,4.083077374355811,4.062000584175264,4.099959252697983,4.069587566531835,4.0698378507408215,4.076765848951485,4.07788367476564,4.073011174699343,4.076011318403867,4.080829731875407,4.082859561136834,4.07318682755109,4.09208459769731,4.091435055330701,4.069527893031923,4.08297881787576,4.077434434944282,4.087194163868767,4.075642473325953,4.066315573450156,4.071328478215873,4.072752441858744,4.071499068912244,4.073376622565702,4.078452889529453,4.082804410712792,4.082377704610353,4.06241774083132,4.070174222833943,4.061938193502289,4.068888062356576,4.0795235189994346,4.082504713221409,4.068180481141342,4.06506238359205,4.081417856905822,4.07530148303235,4.066847724316107,4.064035019660999,4.072580838322879,4.058814859680933,4.070708117073755,4.066390654127486,4.061968448972756,4.075494933371155,4.053028766514649,4.070663943452533,4.070593132106661,4.076644763431241,4.0688609336508845,4.067636706889546,4.063386276488743,4.08773239011342,4.07060838417734,4.068649240032984,4.064003217674465,4.08236719228817,4.077209191141363,4.06648665306774,4.069218537294147,4.078206686250096,4.06371891611138,4.0701377588086105,4.062565860098241,4.083180808498364,4.076481476382571,4.080319487421178,4.07092512446003,4.079817520496547,4.078744332389748,4.072385641519913,4.083835648016245,4.076853325376706,4.086757090606442,4.077922869007311,4.066699183360597,4.082797326851333
18,5.43,5.430422137467156,5.422521290507061,5.439823674342581,5.437233416087478,5.414888204423116,5.436342253431679,5.4327445992376,5.429343389718952,5.42862874989622,5.444845370018365,5.429689249115321,5.419704697926255,5.436062886568963,5.427625103220578,5.436816272043433,5.419198410388871,5.419077700992728,5.450670468632245,5.435265342499792,5.417245441406988,5.44520129587848,5.41161932232242,5.431655616071582,5.440566101080975,5.4349761921559345,5.427626054058094,5.4246128022919855,5.451064612768036,5.409161033678944,5.42428071008236,5.429110667860795,5.419997918340686,5.415658593376918,5.430185819732611,5.4129516609080515,5.43403032304911,5.443209130301064,5.442191810013041,5.428009908801517,5.444926788367383,5.4209197592447875,5.419531610137849,5.438256648505413,5.428784931453187,5.446237571191938,5.416772515937421,5.445587929235667,5.431423662983992,5.4312386625749385,5.423101382683953,5.421524987492747,5.448060242087202,5.422191297618862,5.438883818442974,5.4368837496024724,5.426602059503757,5.445251694400101,5.4312880683577,5.435608527686635,5.445424938517125,5.42974938139843,5.432107047166687,5.42897421311182,5.427709819110769,5.429511959754597,5.447834811626243,5.424899113787031,5.411513450232649,5.436519562267393,5.44161734177835,5.445196667669398,5.4303639919423246,5.435969897533689,5.437145528493366,5.43287675814253,5.4292608733244165,5.431555243271874,5.425913970188229,5.421838846025294,5.439126309242065,5.423578218202524,5.436461169951132,5.413259826061441,5.4250142293309,5.439885802234293,5.417246076075977,5.427229762164011,5.423347447765582,5.4173959156135165,5.4230196201287795,5.434200968970733,5.428136431884356,5.430248792881729,5.43185667089666,5.432518446247651,5.44202189279457,5.418634553101011,5.424984346960503,5.425618643772956
19,2.715,2.720828152137158,2.715090252509733,2.703989323698885,2.7154613556723013,2.721448475108928,2.7231065500342604,2.6997347546813013,2.712913637652678,2.7279757901208,2.704201951142147,2.7081655337253476,2.7270979644963167,2.7147322835001355,2.696080876546923,2.7151488010133065,2.740650765627142,2.712499725582622,2.7120967588402145,2.713500354185711,2.7156400443492563,2.700113970640606,2.7056123136887984,2.7201501837803965,2.7108032232929986,2.7358811095530537,2.7098965293168837,2.719207405283609,2.713021344698005,2.724377817100958,2.7079943395865493,2.724169542282279,2.718434627445146,2.712217713025514,2.7281553308537467,2.724134290380044,2.7169242608724673,2.7151973591046,2.7144832001706845,2.702250163926778,2.722071252278892,2.700876962986647,2.7061038241133977,2.7029018644818574,2.6995312681807997,2.7016345835184192,2.715517939788301,2.733457635880698,2.720928791881278,2.7224278539295588,2.7141435740900053,2.6975174742448282,2.7333942548345154,2.740084675816807,2.7222221980689696,2.6961890423873722,2.71449867276118,2.7360884775219696,2.714282369569666,2.715576143633589,2.7218117453250983,2.711351700757868,2.725132855961311,2.7111342267025966,2.7167096207321255,2.708673867724927,2.7194466347253923,2.7123863065416414,2.71764660313645,2.725746694434224,2.7001792311776063,2.728900634040067,2.709794360149893,2.720500158203112,2.725179322874515,2.7217024792949234,2.7133950462641723,2.7249662873220273,2.7018482603871434,2.6974181617510795,2.7131018997657352,2.7141633273645165,2.7125863696363974,2.718819526038794,2.7240724340229283,2.7033060265058575,2.7032540466966597,2.715865574069411,2.716336772436582,2.7305972062874235,2.7132890944426773,2.7182171295494233,2.716274712262533,2.710253500535942,2.699419666863018,2.7158354337175807,2.7233247037018304,2.725448585952694,2.720909532944575,2.7038168175374455
20,2.715,2.7039938082278705,2.7062189210675966,2.703149534729798,2.7051700834658146,2.7051939211478135,2.718548086089723,2.7315069969118646,2.72846868570114,2.7217527116743216,2.695222717193421,2.7259562969851943,2.72001872303779,2.705158392182274,2.7032787820610835,2.7141222036780164,2.7127977724494867,2.7051770569641764,2.721013650730775,2.7202278574615106,2.7043814338176206,2.733599898918026,2.712981594775686,2.701630643142171,2.73794842341974,2.715688251039797,2.7095414682634185,2.71404713674059,2.712515997031711,2.71494222003812,2.705648937583344,2.7200564512549397,2.7304603026282415,2.7155951448962066,2.726647745614256,2.708080777784769,2.7119630695023367,2.7198642205133097,2.703917282881638,2.7179349415443785,2.696415097433484,2.7296564876892155,2.715140405371971,2.7030949638369726,2.708930560264603,2.7136486774656885,2.6966520474234463,2.7039089490928174,2.7048936275395388,2.7110604414927875,2.723227532523451,2.723080715705077,2.738980793186695,2.699364372950444,2.701178972664032,2.7235995814893315,2.7350497867002908,2.7088974959112444,2.7093529323508614,2.71765042897854,2.7162645548875126,2.7045154741117323,2.7220054517588252,2.7104389423755197,2.7053699118166823,2.712109337908724,2.7161861884961147,2.702948763219931,2.7243457180393,2.702147748676584,2.7133927689407087,2.704159990610026,2.7148423566696502,2.704411780242068,2.7213010404263063,2.7172633164412705,2.713912065225216,2.7043592372761265,2.71246329973941,2.721962122149887,2.7193251141259163,2.713991267907745,2.7228885226312896,2.7039752194177673,2.715413294170729,2.7106004788741704,2.7069409248902288,2.712467791886648,2.7228621467531364,2.7191924629412862,2.708352243742418,2.712738654475578,2.7132692569487356,2.704335355665747,2.711977776413881,2.727990793370742,2.703009816242912,2.720363443587355,2.707683837495471,2.7311898166067525
21,6.7875,6.798947237098396,6.785935658296153,6.7854435010057745,6.7880443273886515,6.778931468452838,6.8056259031381,6.789043355354563,6.781430472026428,6.787819581169667,6.7700662770410105,6.784404233627793,6.788888461771562,6.799407052725059,6.795862069713479,6.7776788215967,6.786605996079513,6.797812690924791,6.781854731795256,6.800921548716595,6.77760631606431,6.7715138697286,6.797953712773541,6.7931286113670755,6.761555126241614,6.7902363774482515,6.7920872878445415,6.77980123901862,6.8046381789345665,6.7828252103288476,6.802844859964498,6.779347288901258,6.794400809454192,6.774416878633581,6.784096713289417,6.780784485191632,6.778902286068507,6.768831695174184,6.790813012999026,6.788589503118266,6.773793762288719,6.785242236995134,6.785891703138342,6.789698718210313,6.77356187327644,6.782716593213417,6.790774964731893,6.772147483903653,6.769026353582394,6.78898115817769,6.796660238046214,6.799897954170194,6.792929024677798,6.7851832208952665,6.777565453635281,6.796704526774801,6.782968093586447,6.791183563004364,6.7980636531304315,6.76539032408766,6.773697243588352,6.7854724065594,6.790764111292851,6.773908282920037,6.786415152762634,6.786644660991884,6.792776899739723,6.789220405084679,6.775800356763079,6.774887693692453,6.790245040975211,6.783246318231484,6.787041586044545,6.770767820580954,6.776459976298506,6.790140651232223,6.780530159857948,6.784144434491285,6.787609635622703,6.787286046243747,6.789652281600718,6.787872212614539,6.778065767606862,6.775215762364081,6.805654747422485,6.794518801167383,6.794899561165172,6.7753795899498375,6.7874468278783855,6.788343858269407,6.793284421525498,6.775017977627604,6.769932753002279,6.798129707677568,6.786248606704103,6.795139981514248,6.784023924516162,6.78423275450179,6.790117554613715,6.802916051745134
22,4.0725,4.081515907205928,4.0750657045200125,4.087361483550746,4.074098929350726,4.063781208167443,4.0589352419572124,4.068628600567136,4.070757517863553,4.081681458962975,4.075160701640005,4.07975752224799,4.078907611133417,4.082028306110452,4.082592734003321,4.073716904785401,4.075263414721414,4.077413337755142,4.0608204834178325,4.088085212703205,4.067922767740055,4.066039263872865,4.077881619658145,4.086428548250685,4.1007275639982455,4.062800660670541,4.074455900405836,4.0706627546631164,4.069764337637169,4.068269847009587,4.092274340354808,4.076391509510081,4.0520414663608415,4.072487136979552,4.0730623331253595,4.077945166204857,4.069826531280192,4.076636756258474,4.058882365095238,4.07281726785859,4.069198936120793,4.073175282046879,4.094803596488319,4.070370808698757,4.066223045054385,4.056550249723277,4.077262372343677,4.089079098583194,4.070199959625506,4.068377655472027,4.089668481119449,4.078106358551301,4.070223621298799,4.071556248001748,4.070805341097829,4.075206032464683,4.083079508643258,4.056367573232396,4.057156320009491,4.072213385585514,4.065099329230084,4.058081980255928,4.077926459566529,4.068531230146774,4.047860739597814,4.063133927224094,4.055502362112495,4.07412612489527,4.079896053879849,4.103397998327783,4.068762627568808,4.066281775307322,4.066315888111691,4.068552958675673,4.0779120354340765,4.071582654481219,4.0624418919210425,4.060944473279039,4.079231616908212,4.077518247720501,4.060453826715006,4.084016422700197,4.077234485535939,4.075359114029036,4.061198590495974,4.098816449717365,4.069502481037575,4.075272728042725,4.067034339245428,4.082192700282026,4.093673782908237,4.064114341429083,4.093833014528235,4.074170928953106,4.082130051428121,4.080702348700844,4.0674165154580635,4.07638307851565,4.063942044209842,4.069981208607867
23,4.0725,4.077524943389019,4.062612209512303,4.074867162672269,4.060410518408711,4.068274920708376,4.067863680341087,4.092790722207611,4.076740514210317,4.076305094664402,4.0963496733071105,4.087990716333717,4.077773326651107,4.06162818409249,4.085430993609096,4.061125627139051,4.088622611859606,4.068033533957971,4.062279977645798,4.085059940753427,4.052658183856576,4.075873250015283,4.080621186697722,4.0718667201654934,4.079308889233014,4.0829352874710985,4.068323454692434,4.074268089464907,4.085974759600361,4.08314482093162,4.068148736675402,4.06825037529608,4.075844668297004,4.085110469287792,4.074758786506901,4.094872868527967,4.0518085207133625,4.073919217870243,4.0736377968417425,4.085226398630295,4.057347100541278,4.0582525181378655,4.068508842814745,4.058385008565948,4.07582632154356,4.063810406809754,4.074184286456147,4.063406397927925,4.0762689429231,4.070892849389891,4.077692600915154,4.067071829673567,4.069775944759841,4.084050129800293,4.07537979843638,4.0727781914165,4.078664745024515,4.073501406875085,4.072021177247231,4.069865072409905,4.068218659477015,4.080006962105334,4.0670021769857145,4.078446319065708,4.0873829194777445,4.066612470868207,4.061046944899304,4.088991550270926,4.061378453642849,4.060119590885503,4.079234872640613,4.087086005157955,4.064301638915912,4.0612719921493285,4.0842117836926475,4.081227732440719,4.068574549508018,4.060056501174084,4.080242947549038,4.09908438462687,4.063717900507568,4.068395949464482,4.056039595966303,4.06934308407766,4.067776529990111,4.078637540931718,4.0733830974687475,4.0780221908679,4.078045796309718,4.087434167749035,4.068036056547832,4.069254158890338,4.069407380816937,4.066759647681873,4.066176432505186,4.0731501742825555,4.062727907998621,4.081761370080795,4.070624740876969,4.064075642617487
24,0.0,0.009008559492644118,-0.0033882196602919635,-0.010237851399264681,0.022233602169111685,0.00996439826913362,0.00824653844644063,-0.0004538602986064609,-0.01645990104823762,0.0051636748723790735,0.011236912534094234,0.006300798224934151,-0.011543602352166882,-0.001452113325860197,-0.0054933116556123264,0.0034900257790696984,0.007159647567147126,-0.008063600819061358,0.008835195472577804,0.009086033047020459,-0.014764421219954438,0.010467287253336158,0.0024110630062952453,0.0012166836153455808,-0.015776934473934016,0.014583574835869695,0.003762260894210433,0.00737056190505862,0.003432193432453717,-0.029033675966105538,-0.0013455189546830617,0.0003962315194405024,-0.006414586748855064,-0.0018632399899324483,-0.0037562041820256133,0.0015676169909765766,-0.007101312360442082,-0.0004619635623129329,0.0056001093880797175,0.010714478994473616,0.012000601858215505,-0.005443827245251827,0.0005444456336457185,-0.004829810155422792,-0.015413668418465786,-0.0003272284789327768,-0.008624113311084097,0.0038054554013116177,-0.004700163741331991,0.0013953147476551944,0.018287160607876763,-0.004841494712510695,0.01098870763844188,0.006245624608756769,0.0029705837414780783,-0.021872576113553057,0.006394655393534503,-0.023274699857408734,0.019500873692342865,0.01312090353618997,0.0011560759448583174,-0.007966200958423202,0.011897322709112557,-0.01377933693954924,0.011652038441430281,-0.0023031691749202717,-0.0058439590487437895,0.006207665910843438,-0.01981926960453636,-0.005421486328697465,-0.006792972723639159,-0.012749945484849765,0.005098085716069154,-0.00997722796825856,-0.003091469864554391,0.004877432912354081,-0.021377930993294797,0.00590144630086716,0.0006718328523479257,0.0108609845655032,0.0035248133254621034,-0.002983460153392528,-0.0123678277089101,-6.0973902782031864e-05,-0.004974908833341485,0.004994752759398014,0.005983181439393391,-0.0046774270958740505,0.004695171447323574,0.016484453301762795,-0.0066693906489248625,-0.011458292874329581,-0.005076354174657837,-0.0036891907987033415,-0.00842793819013852,0.025231236504620176,0.005378764959766274,0.0020109458623928113,-0.003734862894349501,0.0018451869056394284
25,2.715,2.7081627214082564,2.712638159691474,2.707870067998879,2.718942952147144,2.7221242127087657,2.703235685195829,2.700493213008534,2.710164590500347,2.711447605416539,2.7317262221330783,2.715734932370019,2.6928666652060316,2.71737857838285,2.7051828713502086,2.696414868392798,2.721586322628797,2.7163126775834345,2.7096625550860916,2.7065909862024595,2.7173180295966017,2.721291433403788,2.7054749046899698,2.727076025381991,2.6952374640582515,2.7208263182037413,2.7028662526431817,2.721938626422156,2.7060432491128714,2.731168903749541,2.7129043525875827,2.7097203607807683,2.7127750325592106,2.7292992772026556,2.7205331330052736,2.698798073386861,2.721215502979011,2.719261630629304,2.7345802679916327,2.7191581801215854,2.6967738085657915,2.7161092258970987,2.7238418181519513,2.7270176208238217,2.731702998203716,2.699725684924021,2.724074444984812,2.7103374881102,2.7128150701113167,2.7178546936866455,2.7258241229450144,2.7281982782426115,2.7132148862459036,2.7060530923322967,2.7131242302776526,2.7163474377549734,2.72617758901881,2.71600818500768,2.7061199985771203,2.7244339814425986,2.7200183608374475,2.7210158758107323,2.7233084831094825,2.720117950350319,2.7296157302224753,2.704962860422778,2.7240728179480365,2.723765573425322,2.7030612826045872,2.720211026569376,2.709313229123373,2.726286094852277,2.7255060610863424,2.7176986530881098,2.7201589034476896,2.7124249974238492,2.7326093089260817,2.709311194016921,2.7064610861647203,2.7133684373132256,2.7016720163660675,2.721977760396154,2.720592262662367,2.702527097419019,2.715389367783343,2.7078987071879506,2.713825093445228,2.7007250733562937,2.694087677484666,2.724007867577391,2.7198079724931286,2.7104343102915305,2.7028416311540515,2.7151272244854274,2.708052928245495,2.7013621664434764,2.7166760613822327,2.728167121839717,2.71038029033341,2.7243708220110894
26,2.715,2.7137710977448135,2.708623449875157,2.721252449661628,2.7319235771523815,2.7155914424321903,2.7306448965958277,2.710947721445723,2.7203546825001577,2.717087770012272,2.715991492158352,2.7223227135388526,2.6981824348960486,2.6986090658879807,2.724146727578852,2.703328181140127,2.717107411634586,2.7028743976161627,2.701495678157539,2.7250558509727463,2.72144159274443,2.718630590947181,2.7136373324368135,2.7149795978508973,2.7203333982315976,2.7213954518071986,2.719199170358429,2.70684469669941,2.736182513090718,2.7292550988580992,2.7073314984587458,2.7098969632070427,2.702696255993307,2.7070889802258593,2.7012909597106853,2.710040416096945,2.7272148625848436,2.721463610680084,2.735635263129583,2.7305067923137685,2.7176938454136352,2.7034900642257766,2.7139201943865707,2.707941969674981,2.7100045413468865,2.713754019306168,2.7192288937257687,2.7160508131822767,2.71845920079787,2.7121873800739245,2.718686242739078,2.72945539998285,2.712762597902293,2.7137730990398885,2.711319054588419,2.7081854435392363,2.7164588206564635,2.7039449784609055,2.7143074345190854,2.723397609644935,2.7141028239369382,2.705155678149591,2.7140782627118076,2.7095866761285547,2.7102916176443803,2.7310762261474224,2.720344944311706,2.715097305357903,2.71668626443971,2.7071539511348988,2.714473590991703,2.7329057652807713,2.716450319058818,2.731495802766968,2.7135173065717355,2.7168647770726735,2.7072580677262303,2.7345037902206064,2.7070011202340396,2.720528022507823,2.7067320386473392,2.7088696235022267,2.7068431731792706,2.7045009073470143,2.728761947290795,2.7095025609576195,2.7127021513260896,2.7238580450943073,2.7150266136907284,2.713549769189268,2.734849801065676,2.710575031597826,2.705616823634697,2.7187314397123163,2.7174314127907353,2.7109451506055047,2.7110721728844314,2.7394774873964485,2.706835338957956,2.722310003438348
27,1.3575,1.3481423056574093,1.345623877136147,1.3558948663681307,1.3463718784614622,1.3538668912151808,1.3646270509453529,1.3346168489802828,1.369161404863737,1.3607841107596843,1.3714799637709356,1.3510742460756664,1.3396190574893783,1.3547186548349122,1.3662307037827688,1.3717489682983122,1.3518555650228705,1.359099908534911,1.3598009401619657,1.347261958207737,1.36602122695266,1.363057496970083,1.3701724820855616,1.3737779574448215,1.354591302881535,1.3596358415106662,1.3312830943919882,1.3613768045419765,1.35463902206636,1.3508524488122704,1.3578997043572927,1.3486171485054446,1.359558482420714,1.3545226077989794,1.3673264333705624,1.3472782370114886,1.3403354675926933,1.3659710001714631,1.3633099619821964,1.354386210831697,1.353035756243528,1.3612569801834566,1.363056069842518,1.3577518135471855,1.3642312896456605,1.3548805083942927,1.3353757104656354,1.3532222908548759,1.3554065733700678,1.374609073160771,1.360445066228491,1.3580181731518777,1.360776692361603,1.3709119747402392,1.372007794078424,1.3332760893869235,1.3690908817138983,1.338513488999776,1.3627853321250392,1.3497046269696409,1.3662291822455703,1.3472264254781274,1.3617868422906538,1.3525905923953088,1.3580035359212568,1.3609502972375167,1.3580149432954782,1.35392729196327,1.3365138707207689,1.3438421780221932,1.3462035311946765,1.3523131647414786,1.354091439362929,1.3596041058842236,1.3644197973610193,1.3756374655903711,1.3521976606624029,1.3701037546249926,1.368290395159436,1.380394713673328,1.345645121902595,1.3535312481141915,1.370183994486706,1.3516865592392058,1.362414323558266,1.3587444066073686,1.3733119242225957,1.3811063375602157,1.3616835611538796,1.3697840071597878,1.3614190893552514,1.3603477209736856,1.3456446346401298,1.3478103581562142,1.3571997601617474,1.3416922652130787,1.3553053998869489,1.362488957064415,1.3570487669748659,1.3711155612514532
28,4.0725,4.0698211192037395,4.058287827726959,4.064811636496808,4.088857475418015,4.072532888429341,4.070689934021377,4.082993965493432,4.0741168310874505,4.067517752335204,4.069787520120342,4.070719068246875,4.050314650549685,4.086492384201682,4.072721111417051,4.087465653623652,4.073901859122728,4.06494776964365,4.081448548338337,4.074317739126308,4.067859812814151,4.061614504679968,4.074236336445901,4.076044927857223,4.067364803313011,4.075515500685286,4.0797306177122525,4.073565370057898,4.074932288164211,4.08235017859633,4.0786177796628955,4.083376247342522,4.080713714050003,4.082119495966969,4.075386988510231,4.050528651225272,4.068541495215152,4.07439893196621,4.0825100682608175,4.0587076009264225,4.083643136000921,4.066493613100811,4.076449066359501,4.068588718451963,4.094980895731818,4.082453512067603,4.055957942590523,4.076841557230161,4.076568822487172,4.071002333610232,4.059137962962625,4.088786794249958,4.052066520978511,4.06843930741793,4.074691889672244,4.076711737518362,4.074284653004528,4.090886511718033,4.092471042054282,4.072882895136756,4.066313617359889,4.048572955304744,4.071544702361722,4.07576154222526,4.069564480089106,4.074446621678609,4.078321075516754,4.08454063527943,4.072691553240401,4.07161704786604,4.081417659668011,4.065789197562915,4.084941251079986,4.103103585552977,4.059356110609451,4.0733010632398825,4.064564839888716,4.071610000265617,4.062798081144504,4.072082239795106,4.074740928167575,4.063958542955525,4.060583682950747,4.076912486415735,4.07836910888366,4.085588871593129,4.05910351394729,4.057279937218503,4.060915852135055,4.078319337202677,4.0964820280225265,4.076846934488806,4.083562361382113,4.069494892578648,4.079617984020469,4.077085124494895,4.070715859447316,4.071333312448864,4.073713277763043,4.069237619407977
29,4.0725,4.077803554667382,4.07096504804323,4.07019969277722,4.058890344081635,4.071440695579425,4.07784199525587,4.0683352568148,4.065771660729264,4.051582232264595,4.078632041848596,4.066760454405897,4.066025692198344,4.056348920367478,4.072458564164773,4.085399320556873,4.069115520875994,4.07599895992422,4.086207599229975,4.068333190544442,4.079471765975189,4.072736947718373,4.0602674522579285,4.082875276327263,4.092326260766407,4.080602615265217,4.063545788479395,4.069354230765388,4.066310247320964,4.055495347349176,4.069861746884216,4.079233922637306,4.0675621961067545,4.061795593313011,4.056526894303867,4.069973569333982,4.085237757744041,4.07949318171556,4.077877727285953,4.086214087866765,4.058691974018225,4.069583062502067,4.080872050226473,4.074431391235191,4.055957372489507,4.075675433524542,4.0757137526380545,4.066943931743265,4.082691548077211,4.079403067181177,4.062065794033161,4.068839997558808,4.0490954168836035,4.056162176937884,4.076951224646661,4.065726653542545,4.058552237627701,4.086999409606202,4.063830371855901,4.077639816767529,4.052873320964231,4.076195738191065,4.052611358670377,4.079886735915915,4.064795108153489,4.069827087489212,4.064416665078698,4.083792127337915,4.0755218571295515,4.075582436914803,4.080168660428725,4.079867607886104,4.0890581831976345,4.061958098726333,4.068808872739971,4.06425985720788,4.075419024277401,4.077162535854255,4.078607134750236,4.064996090950082,4.068132961129925,4.0786102317253805,4.061092198454504,4.0641424339626075,4.05965883665492,4.060691582112667,4.064186441066707,4.07034054971259,4.066347117782848,4.073108536390379,4.096673602732585,4.092202811754511,4.074311780045092,4.083729153353819,4.069862351574247,4.083382835974886,4.078184422234067,4.059865679463546,4.081759527795225,4.073056760148548
30,2.715,2.708083392482747,2.71230943039784,2.7224505626640534,2.7084877416667017,2.7229305331946194,2.7091338704018173,2.707574464747954,2.729425241316834,2.7141741225937848,2.712326828113264,2.7129562468433783,2.709715956791856,2.719908718325095,2.7015087384948924,2.6968825473281446,2.7009517244108325,2.72477541764322,2.7396370160443375,2.7347840874937828,2.7306788217662223,2.7399917664067805,2.7291531998111775,2.7111431648723205,2.7172600105045923,2.725333217187182,2.7132940719514558,2.708002871446689,2.7313784997789847,2.7039985619291027,2.720172797518823,2.7043268296320147,2.7009120648430778,2.702945317853951,2.7116295471241916,2.7043753950039258,2.714903318773952,2.7082835291198664,2.705759168508809,2.7152771165228047,2.7251542451755544,2.708982933877706,2.7009212182960343,2.7184929093194485,2.710256029838267,2.7146173955587742,2.710373256461264,2.723619661465879,2.704543091399564,2.7259520951235974,2.698630060309305,2.714757579110899,2.7193967941981305,2.713637805071029,2.71289394551858,2.703597855763686,2.697026273859032,2.7270240176055927,2.716146722671263,2.7149576180137687,2.7295072444239903,2.7218270090013084,2.718716685080896,2.7136996378906484,2.7157208092041483,2.702791227912324,2.714140779698956,2.7162311241439747,2.7053961757957947,2.700829872835521,2.7261574769184564,2.7237423613669165,2.7122700315657395,2.733185128011509,2.715182808015742,2.715565210717071,2.702779946390483,2.7095503552520768,2.71302267659701,2.7167436374782463,2.7165561896555688,2.7173256005924387,2.7192750567323,2.704948124687744,2.732799103119013,2.7109950080620204,2.7194941988167387,2.716903267371905,2.7177965947020346,2.713679033730783,2.698858801694307,2.7385400029064937,2.7143491139664015,2.7064923000098458,2.7007605731338806,2.709416386377454,2.713106329443611,2.729206616469724,2.7092618030372004,2.717223996085553
31,5.43,5.42603246473144,5.452313667888866,5.449761107831263,5.435424513084033,5.423684283702078,5.415181467312115,5.440724701315754,5.427785193890681,5.454551826523,5.424506909858945,5.425135048998912,5.429607908251712,5.448927422187767,5.427917821535781,5.415016927901782,5.4051335782304974,5.42861414750164,5.441279013660934,5.449174446773601,5.44178556205859,5.4050996960703115,5.434577109797826,5.435198180007843,5.411600950422216,5.418435136522902,5.447191341131792,5.430529882796114,5.4294188039048255,5.4168435590918556,5.436867063593627,5.442180499839626,5.417836761862973,5.436440307104051,5.421832050644827,5.448427218461774,5.428619588722966,5.422481394800481,5.403384695470309,5.426796004232564,5.432240812832877,5.448522781845089,5.438078494136349,5.435911883821255,5.426980847590993,5.429318020192786,5.419192497946494,5.422492409214493,5.446207481227677,5.443384087032171,5.443280644287884,5.42173434586349,5.429305257348343,5.415389935084317,5.424930965854668,5.432846159612397,5.430588513098926,5.431477791316468,5.4384500322040825,5.40186757360792,5.4080676994090755,5.4240238952958,5.411669464224853,5.429664990739317,5.423726145810593,5.4440425451172265,5.4331167094527295,5.42996615110678,5.445917630936436,5.429243518205692,5.419116750918859,5.433565281224756,5.426400739779001,5.438630901559417,5.44421531301178,5.428571989095974,5.414309622347473,5.432431744502824,5.441312310275733,5.414254401190648,5.411502185249054,5.438163501874296,5.4226709722768485,5.431752347396001,5.417110016428183,5.4267161468363465,5.419854409396691,5.43722256103078,5.414271118884309,5.411754365589481,5.4278357341892205,5.435122257992484,5.436443575393455,5.436687836551077,5.416981135469748,5.438325310047183,5.431629877575771,5.43096623075897,5.43052703110046,5.415567830047746
32,2.715,2.708128272998804,2.6906523242347893,2.7025587667104407,2.7154800624719067,2.7149380509151424,2.723572476184373,2.6984892441059416,2.7153126431368615,2.6882788999582803,2.716327082957599,2.71314224676041,2.7171497594841574,2.7087902029768447,2.7282654028533857,2.7004985678206275,2.727735434690626,2.716038563051415,2.706807858505347,2.704689930007764,2.701160431314223,2.712651376125843,2.7222887584289146,2.7318658288745157,2.7310767082659027,2.7085950740161193,2.740718677779224,2.7243410784347257,2.696630597248276,2.7231050091021194,2.726004558580155,2.7486371254824378,2.732342990520981,2.7155692216146483,2.725796924393365,2.7098121667324166,2.7194416422525016,2.730792816921789,2.7228678001996394,2.7065382959491684,2.7085544888572928,2.7148650277526207,2.71361716355359,2.7202040986969034,2.705689736229125,2.7105772416513214,2.711862258603356,2.7243637903311315,2.696707344732099,2.701310183317108,2.719174838946192,2.6994460164102696,2.720443525336637,2.7090261347248,2.719000622129255,2.7095775859742184,2.727075771748353,2.710555258067181,2.690944876592654,2.7076120537860673,2.7065991185436347,2.7228132665170883,2.705055945718724,2.7015011036170344,2.7102042968522535,2.7028467602924375,2.704679258924833,2.701602573379097,2.7185233314798807,2.7219807918982992,2.7154242848951413,2.7110741557079123,2.6819112809617764,2.7040078836814723,2.7300723462161107,2.7281167104747466,2.718999501586404,2.7006278447367476,2.701135158397094,2.71763195544743,2.7093194286489566,2.7148792068293304,2.726298896904717,2.695183661477904,2.707162571032693,2.6972882759871815,2.7253834824679446,2.706292839032438,2.706976529436653,2.7191493329915284,2.731636321183996,2.712075725358238,2.7228327880845415,2.700672601034671,2.713447029011084,2.702200433441192,2.7254270870099497,2.707930907800525,2.73707310586916,2.7074364769440553
33,4.0725,4.064047943585012,4.073627265048167,4.066235830888116,4.048919263669884,4.071489323881908,4.081930989873732,4.077854293563261,4.074319295880301,4.0633672071941325,4.067738579850727,4.068694635832413,4.068656411974465,4.067962476187583,4.06333739420147,4.055560930386131,4.0832974785803815,4.0755059103606275,4.073174641428286,4.067666880860433,4.055026662046684,4.071524365403902,4.0921843473090975,4.059240368542373,4.076382919362918,4.068676577841577,4.070566199691495,4.08709872134742,4.064714968049469,4.062052216260013,4.0715788844302905,4.0641774659700305,4.070432101383683,4.086685461106557,4.07679161710559,4.061546193336465,4.052029325606622,4.066517401674122,4.077478533386788,4.068165710805937,4.079115316603676,4.0619228907104405,4.07437178585334,4.0807522238911895,4.083609860596933,4.0677070323041615,4.062321481131348,4.059378561058642,4.084851594441321,4.0773642762751985,4.07967744689026,4.0684812960336565,4.081157337291839,4.067763949665306,4.082675126768412,4.077135194615036,4.081294089465619,4.0702028439430755,4.087529469737399,4.083694119521459,4.082601570349225,4.077139977393154,4.064710511344409,4.062238097754269,4.0844294056363655,4.079258865075113,4.081947624721963,4.058387796117283,4.065980540997491,4.066245123438043,4.078913723949906,4.069429069382581,4.083016989291887,4.07075363930046,4.0707809841231795,4.076971828468471,4.072043553066852,4.059580678316058,4.080944675567009,4.067494628979258,4.060014380899065,4.070825754426987,4.088448302208779,4.061689101700429,4.061910624234221,4.0670552577899235,4.08068619618132,4.073517493281505,4.0551820599420445,4.084663714771052,4.071279837292216,4.074017962261145,4.071871171927367,4.071473902588597,4.072354386660042,4.070560440841155,4.070120879793,4.071292889711524,4.076418218694741,4.080664540110193
34,6.7875,6.780787538691632,6.791204445366632,6.779462339054234,6.776444159561805,6.786976918491481,6.78864441434269,6.766855851968788,6.786870712701342,6.7852268564275535,6.800584730808635,6.788389776353222,6.784960959219081,6.789674516594501,6.782799868537246,6.7897726402759835,6.79398402355205,6.797182052956069,6.798272162539977,6.781049198512092,6.791527237912359,6.778634706584752,6.782022119921749,6.80178983700211,6.791497320643579,6.768261782155656,6.788315112033207,6.77171122883412,6.795832002296228,6.780607706266864,6.7833333099397235,6.784096516194629,6.7801681142398795,6.776070551802479,6.775019367901984,6.8016519375187725,6.785239373559837,6.808564307576452,6.790095225502742,6.774129654961485,6.8004296484513835,6.795725449121032,6.7836334186448655,6.791762035071955,6.785603170415539,6.788015145779978,6.792494226997317,6.782771357491511,6.765155101452669,6.795035216795788,6.797521574417811,6.781411069752809,6.779332235110428,6.7820955526948286,6.7996095596671235,6.778883119436689,6.795872331123214,6.7759163320217555,6.792208132850754,6.791360522660923,6.781345043967553,6.77328838946144,6.777410561699982,6.768736046256144,6.785578810047942,6.777666487617285,6.779239009812185,6.783545308156769,6.775879983603624,6.780371620849012,6.803232066755762,6.801557052751353,6.7852368230303135,6.781297649776857,6.781669994436772,6.77048216228078,6.778340805687233,6.791233442838181,6.777214176730513,6.775739122274165,6.777844610648199,6.793314567663787,6.7882716479233665,6.789133680197293,6.7834276125205575,6.780195705122313,6.789211982629215,6.793053584810154,6.769673947715716,6.776263407085728,6.80148420657054,6.764482748853898,6.785982218876062,6.792373293332037,6.780682953545241,6.788721923453446,6.792950262676731,6.775285885896797,6.792327134277254,6.795004447615342
35,4.0725,4.072373354010811,4.086096338626726,4.048309168268213,4.080878363539201,4.074992176585649,4.072280433164064,4.065878406603332,4.06708431540013,4.07519315376961,4.074450132792331,4.073136716614248,4.073232520746039,4.077643288551448,4.071005574794348,4.067602652891261,4.078064201421888,4.081196238420501,4.0669645503845855,4.073103481568084,4.084944827979615,4.07113286762302,4.065705817283485,4.051606457225306,4.076554765998752,4.087290809459355,4.077063266029752,4.082022664335625,4.072057122356805,4.063972431354166,4.070301820645213,4.0539142845541525,4.080241629092482,4.074658195477403,4.065678644147176,4.071667855330637,4.088779535580599,4.06030517775264,4.063567318904464,4.074591721706734,4.063546879546915,4.060291563500289,4.08909048729792,4.074456400258199,4.085284095909934,4.062750867066654,4.072200537589345,4.062727755266856,4.069331477900349,4.076134645935672,4.070454728440849,4.071838427161055,4.067944189963511,4.067993096167976,4.07703190328961,4.08124542271242,4.088754243935339,4.079070297880437,4.073942174168782,4.061529248242337,4.064609508957866,4.060727487889775,4.085651702855056,4.058916593296123,4.076726841829168,4.0816178965933805,4.061870037655616,4.064021389744083,4.049669624265409,4.062546630372834,4.052938574238957,4.061413292546812,4.065874907095294,4.065936324333561,4.069277052147662,4.072827061340256,4.08368986475553,4.077738656330508,4.088019358087316,4.076055718263919,4.0680748211327025,4.056350001385021,4.07249981303565,4.066744266864358,4.070076952485141,4.07916625210071,4.078782994225532,4.082122613710762,4.079913705653958,4.090737395679616,4.066116353246193,4.052846043065143,4.070752771008305,4.069128501187067,4.073826894474203,4.069153190787813,4.062099940006719,4.07025354880193,4.0768333402110635,4.06794053072532
36,2.715,2.703826896513647,2.720018572067813,2.705762079783042,2.735878708682831,2.716976600910425,2.6937285545349203,2.7029578015440023,2.7197451841788496,2.7263046125677666,2.7190020998825233,2.717963471080943,2.705027961625753,2.7189724132640753,2.7117473988325766,2.7149947149348628,2.7173353755096548,2.720677830887425,2.7217761731728167,2.720479304386827,2.7147616364796234,2.7160197892678615,2.689937696829799,2.713701800625677,2.7171700177186913,2.726326057688306,2.706567711721481,2.7089754055830126,2.7205439513058254,2.726134721075716,2.714822443910065,2.7150082306559944,2.7072262378092082,2.7242560640222404,2.719349128251123,2.701968405759557,2.7070692196313186,2.7171595549084824,2.7052421735159786,2.700756786982509,2.7093168934688068,2.7170886359500472,2.6945293086890745,2.709858878217817,2.7094592288104358,2.700668192300412,2.7154709010459794,2.7176740718272243,2.7279580997788777,2.7118528951905807,2.714670802306894,2.7265218409627865,2.723220078711306,2.7164520353436137,2.7014441395829327,2.7095574145793253,2.7207013355673424,2.711255009603075,2.6930084978810904,2.7270804571272036,2.711525408889699,2.724294724481634,2.7378117221776437,2.7335728362836624,2.7014232811061833,2.7266813814263737,2.721063041730626,2.7183266891815516,2.708372647781559,2.713136465678764,2.7114625244484523,2.7125742558621373,2.7241305854205904,2.722057212152526,2.7316725162346236,2.708905725102466,2.716973812101462,2.7123976972438375,2.7095144894241936,2.7051223471429764,2.709829679099902,2.7111668837032203,2.7197346706418246,2.68898267446048,2.7260712328043675,2.731452671099357,2.7052649641423847,2.7293349940767975,2.7324266804051516,2.7079765392675075,2.7070004404982937,2.7104956791148154,2.721627669728998,2.7179219402320878,2.7106692432294897,2.7032872790514775,2.702222783455985,2.718599485958542,2.6979570830578092,2.726896222680291
37,2.715,2.7173441569781707,2.7065578629617013,2.7047612423915717,2.7241484095780066,2.7283484857424156,2.7066559253179503,2.729619756272135,2.703354088278765,2.7254239744746394,2.7116236766291446,2.7290277111948384,2.707861437123933,2.6998715488473923,2.6969427654408875,2.7100974738315102,2.704211546166897,2.7196528234350605,2.7254149369241505,2.7234514846512217,2.724525677082391,2.712490704635334,2.71646960494907,2.7213152294936434,2.7086656089748202,2.716930760227593,2.7302675314918647,2.719614449233389,2.710915251038596,2.6957883028224017,2.7030964794390844,2.718515744826052,2.7108536491522313,2.7190720440344434,2.7276656460425763,2.6945770636024444,2.7325902821212544,2.7124182779761212,2.704627611374833,2.7094652314725938,2.693883816420775,2.695403298761202,2.7289931698630614,2.684263111847402,2.7185430273999263,2.7114098035232317,2.7032914123832468,2.7093154954436716,2.7167260994096494,2.728732811689666,2.7112686309730463,2.7149270197190294,2.705097467562626,2.7203311625683786,2.7229522583291277,2.718699660626398,2.704124369238514,2.726839041250509,2.7057093041775966,2.7209124294878753,2.732246781025655,2.7171781148029397,2.705836895401869,2.7320499395243383,2.710798647500564,2.719563755777871,2.7129299929875668,2.7117782372760346,2.712258795176695,2.6883234900439303,2.729844887848784,2.727500402561292,2.724211688392349,2.7245921526019816,2.726758543058067,2.7083114444992322,2.7177506011209904,2.713627139886381,2.710240522127916,2.723851188165907,2.7227572433409915,2.727354057038299,2.7178593127642308,2.7114036636451933,2.7157290061609585,2.7195665456689846,2.721600435068762,2.707981822241775,2.701869568717798,2.7250895221942155,2.724793123825374,2.7261063497225644,2.714521895086962,2.713408024444926,2.7067419096238954,2.7065580070669464,2.7148917707091416,2.726225636728289,2.7125609193365094,2.698093831736164
38,5.43,5.4465980217710985,5.430000097614716,5.441239779589575,5.42723796645735,5.429131243937223,5.42534491690051,5.447661608779293,5.424990906094285,5.443038104430805,5.4425647226375515,5.414531374323976,5.430354163461405,5.422359660303421,5.424996298112132,5.422067905783064,5.418180389720421,5.4183462691682145,5.41248578153037,5.417928186785977,5.432449639420248,5.429211876955743,5.4360619549045355,5.42413461935705,5.43246621528993,5.427336720828107,5.4344251526819765,5.429960408531851,5.425359056541588,5.4229859758175065,5.419144125939938,5.445215088472092,5.418543588064737,5.4355768625017555,5.437579260942591,5.427511711419658,5.43060475689469,5.428796190846634,5.43406782940618,5.430747986439641,5.421816922812754,5.4167181395110156,5.423209928787978,5.426048409296574,5.42559723827666,5.434542961867121,5.410874727086504,5.43613005093314,5.428736425117136,5.4237558283614336,5.433157877533196,5.436945921579366,5.436351901936647,5.436097622263058,5.41428805838634,5.425650587724228,5.420112456844592,5.436306774418024,5.445625882111951,5.430603910791924,5.434586214011388,5.435913627895948,5.42771451118653,5.416294797714479,5.421667467965731,5.430973863542354,5.422435229900284,5.420541763659216,5.443757662361032,5.426698045061567,5.440097645751517,5.4399214549469574,5.439054524101958,5.434073030271899,5.447523448103475,5.432314513086852,5.421208680903606,5.436686751497444,5.43780861628191,5.4281250658669515,5.430444371368588,5.425594877771995,5.445858944181414,5.450511812673647,5.415874932056193,5.429866916815588,5.4332100677228965,5.421430479771122,5.433697991263535,5.424494511123431,5.420229326790256,5.423743774796881,5.429100435271863,5.42727982670813,5.427863345963539,5.438404805703167,5.4280100119929715,5.409101388207496,5.4086029620871585,5.416436009511386
39,4.0725,4.079920441605773,4.07792352572149,4.07118085767199,4.080465118987249,4.088115322934489,4.074837105907659,4.069205862480869,4.0684143904089245,4.0863940073236185,4.065180304979988,4.0854561858480265,4.065720546348773,4.0735126978564375,4.066852193544316,4.092988987633417,4.06546759923063,4.052140052089279,4.073686694876962,4.076248403370099,4.0747409713955705,4.061648358337614,4.07227461109947,4.075407200809777,4.053104544840095,4.065126175013034,4.074650255010265,4.080273480260608,4.0766800894463335,4.080990878496209,4.06175064347557,4.065695258628486,4.07575040499573,4.067046757050457,4.072388514699107,4.075557838083391,4.076076106561407,4.07167079659763,4.065813197656312,4.067443801665304,4.0628761638766955,4.074468612358691,4.087789851345959,4.064546008160379,4.068255511727119,4.064445020039722,4.0752154221982115,4.075195451516886,4.072673749647525,4.076257539974521,4.069452536781232,4.069642963202068,4.068475837298153,4.076209324198065,4.060902132233311,4.083601230491231,4.058013245101058,4.075208726534688,4.082943230216963,4.07778760213875,4.061910668464645,4.083315587548173,4.063441349168406,4.079252157003543,4.070671491555469,4.067584647340915,4.048638943892185,4.094858086231458,4.070597668707431,4.0695848057743484,4.083240418640886,4.0789740772321466,4.067658322315029,4.072703999002413,4.072457661463688,4.090739329727039,4.061517604788088,4.083776644422451,4.0714318304096135,4.082313419494227,4.072448616330744,4.069395375129883,4.075453706740226,4.053604001927491,4.068447400116747,4.0790672725155765,4.075972355824732,4.063918419267808,4.086290502932672,4.086783769220841,4.077723195247994,4.070739015100588,4.067206010147155,4.078064693188055,4.076561420368888,4.083135154162999,4.0760146994619735,4.071341544775508,4.08111322653044,4.060175654860851
40,4.0725,4.070581644476384,4.0693649180300655,4.056267145541647,4.0610620142815375,4.069441469788334,4.0863503522596165,4.080907332421435,4.063156516428305,4.065935474224747,4.079102315512263,4.070127495542532,4.066781189384135,4.069327340289973,4.06935571426966,4.078531854385394,4.066114841142702,4.060945867051753,4.083887011422461,4.081923478282738,4.07546681197195,4.078449284507664,4.072634222573801,4.085141033655719,4.073640596326002,4.075410289847073,4.082468235544508,4.067568871940452,4.078245371188955,4.083006997882324,4.072643856513101,4.08188057707963,4.072505942808505,4.074566870263152,4.085685283820874,4.08193596265882,4.0731656732761445,4.0632080848766075,4.078528399329402,4.083024077838686,4.073745016729991,4.079884665799954,4.084712159632534,4.0654679848833695,4.074780816248515,4.045557954237019,4.075720652985955,4.06323108598049,4.085513832433023,4.070495836847973,4.076126565242858,4.0788856574450145,4.06516606257947,4.078917861122675,4.066073612240053,4.058886332411614,4.076264437534544,4.0764346841163555,4.06482223580946,4.0922494604104775,4.063741088427014,4.075042903155478,4.078729177903329,4.06875393905226,4.0687494570709175,4.073793058110047,4.081239101712175,4.076254279677413,4.070924311661245,4.071058190743903,4.074099553347198,4.062087518759815,4.065351171395365,4.081645641312331,4.072892390623264,4.062671299945741,4.070332295094558,4.087993535723604,4.066034036205268,4.081255454600891,4.083107040088088,4.084706064180853,4.060078731574063,4.071501543841015,4.057559132801179,4.0672807415998005,4.071138718094264,4.068514832656508,4.069154326234691,4.078317385938293,4.060379331423337,4.079794461195272,4.081263049944267,4.090985917770219,4.071092589767118,4.071781924830736,4.077239089840498,4.063969004457756,4.089502843976375,4.067055608383275
41,6.7875,6.778623710359152,6.795210117380694,6.793966754522701,6.792599197829702,6.782722685827218,6.782303729133258,6.785700135987476,6.788345101540164,6.7869374270412255,6.783991281085601,6.775176537933977,6.7864413768466765,6.798883330474921,6.783533227630941,6.777517979220049,6.779079300609909,6.820951573949029,6.794270851403428,6.78398736070674,6.789707533864532,6.781110919276258,6.796859448937456,6.790400347818774,6.768646585967587,6.791634679430035,6.776024379869353,6.7935853086462386,6.7700331588461715,6.782131255443639,6.786608197871312,6.780685852874529,6.801685880309051,6.781049446937885,6.798787830036369,6.79911249172616,6.7911252740877135,6.7708556909582045,6.781352406126142,6.797214004076896,6.788585086947131,6.7892136828119,6.797649885167827,6.7701260732296165,6.793290441669573,6.792510885359424,6.7761899984055285,6.781845682189785,6.793692679135742,6.7949303806025885,6.781893493844911,6.798626194433763,6.780479982765818,6.79902398088161,6.779468084628541,6.786144863249381,6.785603174767891,6.789134580358219,6.798167501079725,6.784456120666048,6.778359451604258,6.768677970195384,6.7724583276671275,6.78207687235796,6.795762689535253,6.76726959919142,6.78637552212841,6.778189244189707,6.773690645458609,6.777920290708156,6.7988130212990905,6.772412287954482,6.78932387293284,6.778167229568763,6.793255417269085,6.77733558831283,6.777179356485238,6.793007635139144,6.798068264816024,6.798665636619815,6.796244020775223,6.778547472903331,6.792713126120757,6.789342843419052,6.7972987059650105,6.79638818135742,6.801520406281132,6.78485587720413,6.785873482457465,6.801906867641685,6.797743203283467,6.783598515860634,6.793958400709994,6.781743807965105,6.7715383103301345,6.789526262196494,6.7906949625156505,6.781406618750926,6.7822121519690075,6.7808182826318655
42,5.43,5.422528417062491,5.411319093454362,5.426437292405533,5.416525397049085,5.431007381887528,5.422198478613771,5.435680618873279,5.4314369101800795,5.425000973803933,5.420605666402374,5.428275802328225,5.443358313386717,5.426778763430225,5.430059331120776,5.442150415508738,5.416618254332166,5.431267272112455,5.433061351742237,5.434597350286483,5.425766991671102,5.418921631417944,5.434206226601708,5.4102971150266335,5.432430804822195,5.426144751835665,5.440566782540239,5.433142341829166,5.443822891723787,5.429708072822091,5.423247634951491,5.427989019173723,5.428511743861912,5.424714038004047,5.42272355148048,5.433838468400383,5.426988878171176,5.404223265198231,5.421116239811177,5.430768315379988,5.425606987369844,5.428843517176118,5.438281299823497,5.437508082579871,5.421458116467993,5.4299536504123855,5.431578611401783,5.429000057779772,5.42775304375644,5.438573619572348,5.426986264239017,5.433148099407372,5.429957854951297,5.4332822650068335,5.438985891712805,5.424479777998003,5.436318228508173,5.430692838360949,5.420694125471709,5.441188678534582,5.409527500721696,5.424705223628376,5.436727827109853,5.4397005336443405,5.43182608612701,5.410274676245763,5.417317906141376,5.448615075560178,5.428153270770163,5.452693047705435,5.430747000558553,5.420837433236733,5.435767167364039,5.427053734873589,5.429409738103807,5.443452313832027,5.428316169098847,5.439546248245873,5.418346732770998,5.431340089112636,5.434305910350394,5.4383755789055,5.426514431519192,5.435245486847361,5.434118402817446,5.4285032124625054,5.415977866524833,5.420992744485169,5.431637576309011,5.450851441107399,5.413190900813597,5.41527050782815,5.422770011137001,5.438990583598593,5.439901408047074,5.428237968420546,5.436193420966673,5.427448326365529,5.447634779174486,5.430073145632289
43,5.43,5.446924546010277,5.4473118466598045,5.412568589630465,5.4299063989937,5.433554384723493,5.439556095905535,5.422471628035785,5.430755494413356,5.434364193809608,5.425106627831153,5.430918383749294,5.433186652880161,5.426298839218952,5.420028617538268,5.423324835086957,5.435797065717801,5.423058211035587,5.4298472777025655,5.429514833359729,5.448456151134344,5.45106145756316,5.434116196409053,5.4380390588894,5.4229451932825725,5.427466217792188,5.430568219076372,5.422886962353815,5.4173668921334945,5.443940559849254,5.445896254200125,5.429825113560447,5.423937300792576,5.43838851422038,5.426392188768172,5.426953989411276,5.409472173092331,5.423340141647117,5.4429124602078645,5.425649992248944,5.42286439626779,5.426988963044106,5.452662927082102,5.411360468555463,5.421586596664475,5.426070615597397,5.420796024440576,5.426416086995536,5.426234484173736,5.414938107138003,5.43321723213392,5.447659378778998,5.425169317762734,5.4381676153354865,5.434454773639998,5.429504707752863,5.442318603532492,5.434195747106714,5.423605131814483,5.43932145137758,5.428190654031463,5.424837467013358,5.43088488852659,5.4376693398821665,5.435658458040163,5.430355577018812,5.436935596114769,5.4375050153223885,5.428958295532883,5.436635615610859,5.421824731799819,5.439545552680245,5.414364341260564,5.4069075498418755,5.444096487464701,5.440340979734328,5.435569388965654,5.429336823963076,5.446820944371337,5.434942877076916,5.4359667922517305,5.4243567133192405,5.438913626259033,5.441325913730677,5.437555026094735,5.413541677045635,5.425311447058364,5.442440404110152,5.413062502648818,5.41723214619245,5.430680575875976,5.429283926508376,5.432534978571101,5.431031914949149,5.433820873652055,5.439497098266753,5.425694486549769,5.422615276374863,5.4187839217249465,5.423870612645218
44,5.43,5.43050807754776,5.444676780105734,5.424033503583158,5.428692953614118,5.432696124064467,5.428732636219769,5.412916607968329,5.428443549035834,5.42624186953109,5.4219540885773005,5.440675584570478,5.4266240474995,5.448496125662057,5.446910975838799,5.42727494222959,5.435364144479788,5.435576744308966,5.45067988606604,5.434154819114846,5.439201145688058,5.4243261222972885,5.429286760752379,5.440305503339534,5.43364627615385,5.435832400896923,5.429793774376012,5.440052960444339,5.427426382575654,5.426021325582256,5.425525115708008,5.41212087870953,5.4181419882338275,5.416997479264382,5.434528664715562,5.439478999512017,5.446778108216265,5.435868414210656,5.423022347101382,5.4355299439808435,5.439341809592297,5.415214780096325,5.424050443298666,5.434185109843874,5.423442958878026,5.428447398297628,5.422540901213798,5.430845569397866,5.441199992022888,5.413336478292071,5.433603667656786,5.439336238421733,5.421311991476754,5.43120237321222,5.436284276328219,5.438873077520155,5.4395779398389115,5.42727175730615,5.4399225092238055,5.4382823956999164,5.422115471350235,5.432552099023117,5.4399902266630615,5.420741884816851,5.429289830215585,5.427442115196386,5.422668960304374,5.4253585109254105,5.430844526669767,5.438991019018243,5.437089011169928,5.42190675493973,5.448863487012202,5.442122527381737,5.435219353250677,5.449032311247366,5.438128418432681,5.434018117861595,5.435088243989131,5.439072958149294,5.425367951169708,5.436013220666677,5.4232443724049535,5.442684036950855,5.431645890895697,5.437259809524725,5.419069941863239,5.414942764963601,5.452921343052945,5.437030489137159,5.418586784772091,5.436707746403315,5.415777059036852,5.436454749640388,5.442464494429857,5.434600745909329,5.428741979180471,5.424281443404098,5.418080658331709,5.442997480747553
45,6.7875,6.781130043534306,6.784143226614761,6.781614056203117,6.795520866136293,6.800419633833879,6.773813871766765,6.769469013415202,6.7930085005630625,6.7782693841714865,6.785373023612895,6.776883655517281,6.781647317219925,6.786683484438357,6.784335591291186,6.801667744809665,6.802930344351096,6.788491465999775,6.787047318305335,6.780481238647054,6.7819208377005005,6.782700502071135,6.787045624244487,6.788680979357631,6.782470478365761,6.780260217387017,6.795616815990082,6.789612589682859,6.777827689163777,6.797691273848548,6.78229381782464,6.778982597722806,6.792055042199913,6.786530527837604,6.781627435764807,6.7997674409547715,6.783355365887369,6.770176329178577,6.7801145700243595,6.790167163060318,6.788086555323166,6.780301557916053,6.7816873046247155,6.785146661628396,6.786031172984501,6.791997047971578,6.785457869103555,6.792438707815745,6.791462175356139,6.78531005197485,6.785545309577433,6.786846360310778,6.8004808529571585,6.783285386466152,6.780610983506266,6.799046467233153,6.775061401733515,6.787828175741087,6.77679398783617,6.787762975266005,6.7850061978925895,6.803299173648568,6.803807316904849,6.788365698076493,6.780361819438376,6.792120677810154,6.805754606664673,6.794081238269491,6.795237603359138,6.783841990577188,6.7729406008350415,6.778380847947694,6.7768429402157215,6.79611810602463,6.801868486939247,6.790707089357878,6.786228879147674,6.770676463203971,6.7835548756943025,6.806084494664924,6.803992577178647,6.788266731653238,6.788206976964365,6.788549641569694,6.788219081630651,6.794211297573324,6.778046348435094,6.769602277422444,6.794142454959769,6.788818106569309,6.788499449494158,6.795650349508245,6.78533650919127,6.789337529235384,6.782933221412517,6.783877436109599,6.779006267873464,6.775812167562715,6.793027319177505,6.770169043763467
46,6.7875,6.789409154846674,6.793613407795736,6.778761177022377,6.784470360328715,6.798893429788253,6.79968480645936,6.791331218517575,6.804520299556707,6.806672502421557,6.784108597539365,6.7896734820797215,6.7863508005921025,6.777697256814741,6.802151344208811,6.779673910422412,6.804243322236042,6.793879261742387,6.771468750813693,6.789354644650481,6.7846477496041695,6.768267701443863,6.7979088597298984,6.787281466726666,6.785242484542341,6.788024672103146,6.772287909762318,6.778768511621591,6.77543330926275,6.806488813000456,6.780563733191048,6.771216966898003,6.77912355053975,6.789615059713442,6.757333587619324,6.7801939545848295,6.797104941817266,6.774339658045745,6.797003890266557,6.7875898940837756,6.8035971427942785,6.782893612290402,6.780941058538161,6.791821071741881,6.773380244990491,6.7993759353265455,6.8071638482185195,6.7879525749605865,6.793897287231227,6.7839114157084115,6.77409387449078,6.792539568712943,6.794839362234937,6.78365496056901,6.788998988142204,6.78865766954171,6.787336487056174,6.792594087598107,6.785259632558387,6.777527896948551,6.783585123980158,6.786129723448806,6.796857345875024,6.788805322893944,6.798106114086895,6.789660157174309,6.782071549959129,6.788262064316084,6.7717509504604125,6.792126900371237,6.782325068514643,6.7705247514393,6.788628310613444,6.785394232232658,6.772979284430734,6.7902739549385265,6.785977224845453,6.784953203951684,6.793987089214683,6.780481493932809,6.776587471986976,6.77730868908216,6.78671651169367,6.7764848768124315,6.788692181911497,6.773964760187832,6.783651553106687,6.784332477624551,6.782329744677753,6.788991210849176,6.781574788314209,6.773525529008417,6.777825734625471,6.789055477685096,6.780778708020944,6.776764927983048,6.787864028432574,6.764319469193638,6.779340190511343,6.777666899008703
47,6.7875,6.808502551364788,6.787979705918682,6.78779713815361,6.79952002589812,6.792444403981211,6.778924985617199,6.809975950528076,6.7975609370254455,6.785996971581963,6.790621699363132,6.788678195043534,6.809918177943952,6.787476109743994,6.802136013347031,6.784996793029606,6.781107102389074,6.794531106810282,6.782822482300318,6.79218349778152,6.777087333646948,6.7914958854218295,6.786559652653445,6.787968407138628,6.781844622667399,6.773851105849098,6.793709006534314,6.797341570691239,6.814186140193045,6.783951503563086,6.800187288038566,6.797169977381953,6.786030385502418,6.789689848541158,6.7973230824330235,6.785776377563871,6.79092947792277,6.780301166677897,6.788488746553531,6.793911027527491,6.796099067438306,6.798071222262188,6.796751488533569,6.796202919303911,6.784794431754448,6.784154096567137,6.795733461120172,6.797460845748731,6.771988537268383,6.791285276936421,6.798446172420403,6.76474059962821,6.781827735865409,6.805422036326082,6.800142664528139,6.775884796723895,6.776304371216002,6.790818726549285,6.793459799075903,6.766185521224427,6.778620043312512,6.7890230373589,6.764092318092865,6.801077054937255,6.799392375254733,6.800542008016128,6.783213248982213,6.786472920367047,6.773346311132271,6.78829873995175,6.783427658012005,6.7989356157697,6.781606465572003,6.795044906033401,6.757307190079384,6.787061816375101,6.788209588123437,6.777229983530257,6.79581471146024,6.791917991434086,6.7857063820506145,6.774877219576375,6.767995450845914,6.7822169558354775,6.7976405789331364,6.797363458655311,6.7814293471554326,6.788489023360662,6.7892187365411285,6.788117333734419,6.810678980939209,6.789572419409027,6.794311480278968,6.792769366657271,6.7843067053845605,6.777955672401453,6.793994399732062,6.785481366768208,6.782533531507717,6.791075077531674
